video,full_path,true_label,mmd_score,pred_conservative,correct_conservative,pred_balanced,correct_balanced,pred_aggressive,correct_aggressive
Vior-DM8ohhPg0e7.mp4,/home/umflint.edu/mufarooq/Umar_local_data/GenVideo/video/real/Social_Real/Vior-DM8ohhPg0e7.mp4,real,0.2327,real,True,real,True,real,True
_ediitzz-DP5CkLNiNBH.mp4,/home/umflint.edu/mufarooq/Umar_local_data/GenVideo/video/real/Social_Real/_ediitzz-DP5CkLNiNBH.mp4,real,0.7106,real,True,real,True,real,True
_flix-DQBP2bZjJe2.mp4,/home/umflint.edu/mufarooq/Umar_local_data/GenVideo/video/real/Social_Real/_flix-DQBP2bZjJe2.mp4,real,0.7089,real,True,real,True,real,True
_riya-DP8w8GAk7Nv.mp4,/home/umflint.edu/mufarooq/Umar_local_data/GenVideo/video/real/Social_Real/_riya-DP8w8GAk7Nv.mp4,real,1.5322,fake,False,fake,False,fake,False
e_launde-DP1pGq_AWY2.mp4,/home/umflint.edu/mufarooq/Umar_local_data/GenVideo/video/real/Social_Real/e_launde-DP1pGq_AWY2.mp4,real,1.3708,real,True,fake,False,fake,False
euavTf8Y.mp4,/home/umflint.edu/mufarooq/Umar_local_data/GenVideo/video/real/Social_Real/euavTf8Y.mp4,real,0.257,real,True,real,True,real,True
r1.mp4,/home/umflint.edu/mufarooq/Umar_local_data/GenVideo/video/real/Social_Real/r1.mp4,real,0.775,real,True,real,True,real,True
r2.mp4,/home/umflint.edu/mufarooq/Umar_local_data/GenVideo/video/real/Social_Real/r2.mp4,real,0.5719,real,True,real,True,real,True
r3.mp4,/home/umflint.edu/mufarooq/Umar_local_data/GenVideo/video/real/Social_Real/r3.mp4,real,0.2302,real,True,real,True,real,True
r4.mp4,/home/umflint.edu/mufarooq/Umar_local_data/GenVideo/video/real/Social_Real/r4.mp4,real,1.3626,real,True,fake,False,fake,False
r5.mp4,/home/umflint.edu/mufarooq/Umar_local_data/GenVideo/video/real/Social_Real/r5.mp4,real,1.1133,real,True,real,True,fake,False
r6.mp4,/home/umflint.edu/mufarooq/Umar_local_data/GenVideo/video/real/Social_Real/r6.mp4,real,1.0539,real,True,real,True,fake,False
r7.mp4,/home/umflint.edu/mufarooq/Umar_local_data/GenVideo/video/real/Social_Real/r7.mp4,real,0.3835,real,True,real,True,real,True
r8.mp4,/home/umflint.edu/mufarooq/Umar_local_data/GenVideo/video/real/Social_Real/r8.mp4,real,1.0912,real,True,real,True,fake,False
reator1234-DPGNK-NkuHq.mp4,/home/umflint.edu/mufarooq/Umar_local_data/GenVideo/video/real/Social_Real/reator1234-DPGNK-NkuHq.mp4,real,0.9191,real,True,real,True,fake,False
--07WQ2iBlw_000001_000011.mp4,/home/umflint.edu/mufarooq/Umar_local_data/GenVideo/video/real/Kinetics-400/--07WQ2iBlw_000001_000011.mp4,real,0.1541,real,True,real,True,real,True
--33Lscn6sk_000004_000014.mp4,/home/umflint.edu/mufarooq/Umar_local_data/GenVideo/video/real/Kinetics-400/--33Lscn6sk_000004_000014.mp4,real,0.2675,real,True,real,True,real,True
--7VUM9MKg4_000136_000146.mp4,/home/umflint.edu/mufarooq/Umar_local_data/GenVideo/video/real/Kinetics-400/--7VUM9MKg4_000136_000146.mp4,real,0.2464,real,True,real,True,real,True
--7goKgS4kc_000015_000025.mp4,/home/umflint.edu/mufarooq/Umar_local_data/GenVideo/video/real/Kinetics-400/--7goKgS4kc_000015_000025.mp4,real,0.9595,real,True,real,True,fake,False
--7qK_w-g3Y_000185_000195.mp4,/home/umflint.edu/mufarooq/Umar_local_data/GenVideo/video/real/Kinetics-400/--7qK_w-g3Y_000185_000195.mp4,real,0.2914,real,True,real,True,real,True
--8FQVwWH0M_000003_000013.mp4,/home/umflint.edu/mufarooq/Umar_local_data/GenVideo/video/real/Kinetics-400/--8FQVwWH0M_000003_000013.mp4,real,0.3159,real,True,real,True,real,True
--9s8lCov-I_000002_000012.mp4,/home/umflint.edu/mufarooq/Umar_local_data/GenVideo/video/real/Kinetics-400/--9s8lCov-I_000002_000012.mp4,real,0.4239,real,True,real,True,real,True
--AbCB6WSN0_000018_000028.mp4,/home/umflint.edu/mufarooq/Umar_local_data/GenVideo/video/real/Kinetics-400/--AbCB6WSN0_000018_000028.mp4,real,0.2348,real,True,real,True,real,True
--GF746y6UM_000496_000506.mp4,/home/umflint.edu/mufarooq/Umar_local_data/GenVideo/video/real/Kinetics-400/--GF746y6UM_000496_000506.mp4,real,0.2334,real,True,real,True,real,True
--ILYNHl3e4_000541_000551.mp4,/home/umflint.edu/mufarooq/Umar_local_data/GenVideo/video/real/Kinetics-400/--ILYNHl3e4_000541_000551.mp4,real,0.3793,real,True,real,True,real,True
--Kr1PZaPDI_000001_000011.mp4,/home/umflint.edu/mufarooq/Umar_local_data/GenVideo/video/real/Kinetics-400/--Kr1PZaPDI_000001_000011.mp4,real,0.1922,real,True,real,True,real,True
--PwWfN1Ae4_000097_000107.mp4,/home/umflint.edu/mufarooq/Umar_local_data/GenVideo/video/real/Kinetics-400/--PwWfN1Ae4_000097_000107.mp4,real,0.2791,real,True,real,True,real,True
--RVKBMp_2M_000079_000089.mp4,/home/umflint.edu/mufarooq/Umar_local_data/GenVideo/video/real/Kinetics-400/--RVKBMp_2M_000079_000089.mp4,real,0.5667,real,True,real,True,real,True
--SOz3xjWfA_000037_000047.mp4,/home/umflint.edu/mufarooq/Umar_local_data/GenVideo/video/real/Kinetics-400/--SOz3xjWfA_000037_000047.mp4,real,0.444,real,True,real,True,real,True
--SrV9bGzRA_000197_000207.mp4,/home/umflint.edu/mufarooq/Umar_local_data/GenVideo/video/real/Kinetics-400/--SrV9bGzRA_000197_000207.mp4,real,1.0429,real,True,real,True,fake,False
--TSmh3wj9I_000118_000128.mp4,/home/umflint.edu/mufarooq/Umar_local_data/GenVideo/video/real/Kinetics-400/--TSmh3wj9I_000118_000128.mp4,real,0.8155,real,True,real,True,real,True
--Y25nDn2Wk_000060_000070.mp4,/home/umflint.edu/mufarooq/Umar_local_data/GenVideo/video/real/Kinetics-400/--Y25nDn2Wk_000060_000070.mp4,real,0.2852,real,True,real,True,real,True
--bGIeO_7Jo_000184_000194.mp4,/home/umflint.edu/mufarooq/Umar_local_data/GenVideo/video/real/Kinetics-400/--bGIeO_7Jo_000184_000194.mp4,real,0.6799,real,True,real,True,real,True
--dVV4_CSvw_000033_000043.mp4,/home/umflint.edu/mufarooq/Umar_local_data/GenVideo/video/real/Kinetics-400/--dVV4_CSvw_000033_000043.mp4,real,0.6448,real,True,real,True,real,True
--gEBElruic_000067_000077.mp4,/home/umflint.edu/mufarooq/Umar_local_data/GenVideo/video/real/Kinetics-400/--gEBElruic_000067_000077.mp4,real,0.1611,real,True,real,True,real,True
--kbTDDIiP0_000062_000072.mp4,/home/umflint.edu/mufarooq/Umar_local_data/GenVideo/video/real/Kinetics-400/--kbTDDIiP0_000062_000072.mp4,real,0.6581,real,True,real,True,real,True
--nQbRBEz2s_000104_000114.mp4,/home/umflint.edu/mufarooq/Umar_local_data/GenVideo/video/real/Kinetics-400/--nQbRBEz2s_000104_000114.mp4,real,0.3539,real,True,real,True,real,True
--o545tThdQ_000088_000098.mp4,/home/umflint.edu/mufarooq/Umar_local_data/GenVideo/video/real/Kinetics-400/--o545tThdQ_000088_000098.mp4,real,0.526,real,True,real,True,real,True
--oEIzy6Esc_000045_000055.mp4,/home/umflint.edu/mufarooq/Umar_local_data/GenVideo/video/real/Kinetics-400/--oEIzy6Esc_000045_000055.mp4,real,0.6953,real,True,real,True,real,True
--oJV4vFNeI_000003_000013.mp4,/home/umflint.edu/mufarooq/Umar_local_data/GenVideo/video/real/Kinetics-400/--oJV4vFNeI_000003_000013.mp4,real,0.996,real,True,real,True,fake,False
--rC9Wkh6HA_000179_000189.mp4,/home/umflint.edu/mufarooq/Umar_local_data/GenVideo/video/real/Kinetics-400/--rC9Wkh6HA_000179_000189.mp4,real,0.4019,real,True,real,True,real,True
--rd8woSLiM_000041_000051.mp4,/home/umflint.edu/mufarooq/Umar_local_data/GenVideo/video/real/Kinetics-400/--rd8woSLiM_000041_000051.mp4,real,1.4281,real,True,fake,False,fake,False
--sGO9m2Was_000000_000010.mp4,/home/umflint.edu/mufarooq/Umar_local_data/GenVideo/video/real/Kinetics-400/--sGO9m2Was_000000_000010.mp4,real,1.5432,fake,False,fake,False,fake,False
--uGS0Y4D6k_000009_000019.mp4,/home/umflint.edu/mufarooq/Umar_local_data/GenVideo/video/real/Kinetics-400/--uGS0Y4D6k_000009_000019.mp4,real,0.4316,real,True,real,True,real,True
--wYHtYMK9o_000008_000018.mp4,/home/umflint.edu/mufarooq/Umar_local_data/GenVideo/video/real/Kinetics-400/--wYHtYMK9o_000008_000018.mp4,real,0.9248,real,True,real,True,fake,False
--yCUKj4Oq4_000018_000028.mp4,/home/umflint.edu/mufarooq/Umar_local_data/GenVideo/video/real/Kinetics-400/--yCUKj4Oq4_000018_000028.mp4,real,0.184,real,True,real,True,real,True
-0-s1eu4sF4_000031_000041.mp4,/home/umflint.edu/mufarooq/Umar_local_data/GenVideo/video/real/Kinetics-400/-0-s1eu4sF4_000031_000041.mp4,real,0.1821,real,True,real,True,real,True
-02UO1KSdZ0_000025_000035.mp4,/home/umflint.edu/mufarooq/Umar_local_data/GenVideo/video/real/Kinetics-400/-02UO1KSdZ0_000025_000035.mp4,real,0.293,real,True,real,True,real,True
-05qSkAhM6Y_000205_000215.mp4,/home/umflint.edu/mufarooq/Umar_local_data/GenVideo/video/real/Kinetics-400/-05qSkAhM6Y_000205_000215.mp4,real,0.3757,real,True,real,True,real,True
-081qTv9fXc_000216_000226.mp4,/home/umflint.edu/mufarooq/Umar_local_data/GenVideo/video/real/Kinetics-400/-081qTv9fXc_000216_000226.mp4,real,0.2823,real,True,real,True,real,True
-09lBxmFoWE_000030_000040.mp4,/home/umflint.edu/mufarooq/Umar_local_data/GenVideo/video/real/Kinetics-400/-09lBxmFoWE_000030_000040.mp4,real,0.3891,real,True,real,True,real,True
-0BveUV52cM_000043_000053.mp4,/home/umflint.edu/mufarooq/Umar_local_data/GenVideo/video/real/Kinetics-400/-0BveUV52cM_000043_000053.mp4,real,0.1696,real,True,real,True,real,True
-0CNBzthkZ4_000004_000014.mp4,/home/umflint.edu/mufarooq/Umar_local_data/GenVideo/video/real/Kinetics-400/-0CNBzthkZ4_000004_000014.mp4,real,0.7664,real,True,real,True,real,True
-0COMyPvkHU_000061_000071.mp4,/home/umflint.edu/mufarooq/Umar_local_data/GenVideo/video/real/Kinetics-400/-0COMyPvkHU_000061_000071.mp4,real,0.1835,real,True,real,True,real,True
-0Eu83ggVq4_000235_000245.mp4,/home/umflint.edu/mufarooq/Umar_local_data/GenVideo/video/real/Kinetics-400/-0Eu83ggVq4_000235_000245.mp4,real,0.4096,real,True,real,True,real,True
-0FzHADcl10_000005_000015.mp4,/home/umflint.edu/mufarooq/Umar_local_data/GenVideo/video/real/Kinetics-400/-0FzHADcl10_000005_000015.mp4,real,0.8057,real,True,real,True,real,True
-0HUfPFdLKE_000004_000014.mp4,/home/umflint.edu/mufarooq/Umar_local_data/GenVideo/video/real/Kinetics-400/-0HUfPFdLKE_000004_000014.mp4,real,0.8997,real,True,real,True,fake,False
-0IErS_cisg_000017_000027.mp4,/home/umflint.edu/mufarooq/Umar_local_data/GenVideo/video/real/Kinetics-400/-0IErS_cisg_000017_000027.mp4,real,0.5149,real,True,real,True,real,True
-0IEt9-NeV4_000637_000647.mp4,/home/umflint.edu/mufarooq/Umar_local_data/GenVideo/video/real/Kinetics-400/-0IEt9-NeV4_000637_000647.mp4,real,0.1969,real,True,real,True,real,True
-0L4fgr5GE0_000001_000011.mp4,/home/umflint.edu/mufarooq/Umar_local_data/GenVideo/video/real/Kinetics-400/-0L4fgr5GE0_000001_000011.mp4,real,0.1788,real,True,real,True,real,True
-0L4z8D2eGs_000043_000053.mp4,/home/umflint.edu/mufarooq/Umar_local_data/GenVideo/video/real/Kinetics-400/-0L4z8D2eGs_000043_000053.mp4,real,0.1287,real,True,real,True,real,True
-0Li7rc78jQ_000128_000138.mp4,/home/umflint.edu/mufarooq/Umar_local_data/GenVideo/video/real/Kinetics-400/-0Li7rc78jQ_000128_000138.mp4,real,0.1048,real,True,real,True,real,True
-0ML-FXomBw_000001_000011.mp4,/home/umflint.edu/mufarooq/Umar_local_data/GenVideo/video/real/Kinetics-400/-0ML-FXomBw_000001_000011.mp4,real,0.6801,real,True,real,True,real,True
-0Mfuocujdg_000000_000010.mp4,/home/umflint.edu/mufarooq/Umar_local_data/GenVideo/video/real/Kinetics-400/-0Mfuocujdg_000000_000010.mp4,real,0.1684,real,True,real,True,real,True
-0N5cgaMCfY_000316_000326.mp4,/home/umflint.edu/mufarooq/Umar_local_data/GenVideo/video/real/Kinetics-400/-0N5cgaMCfY_000316_000326.mp4,real,0.5674,real,True,real,True,real,True
-0NOgzGpSEY_000003_000013.mp4,/home/umflint.edu/mufarooq/Umar_local_data/GenVideo/video/real/Kinetics-400/-0NOgzGpSEY_000003_000013.mp4,real,0.5955,real,True,real,True,real,True
-0NQHRndkPI_000004_000014.mp4,/home/umflint.edu/mufarooq/Umar_local_data/GenVideo/video/real/Kinetics-400/-0NQHRndkPI_000004_000014.mp4,real,0.3893,real,True,real,True,real,True
-0OK3nbLKgM_000012_000022.mp4,/home/umflint.edu/mufarooq/Umar_local_data/GenVideo/video/real/Kinetics-400/-0OK3nbLKgM_000012_000022.mp4,real,0.201,real,True,real,True,real,True
-0TvmZ9L0ho_000033_000043.mp4,/home/umflint.edu/mufarooq/Umar_local_data/GenVideo/video/real/Kinetics-400/-0TvmZ9L0ho_000033_000043.mp4,real,0.1058,real,True,real,True,real,True
-0WZKTu0xNk_000112_000122.mp4,/home/umflint.edu/mufarooq/Umar_local_data/GenVideo/video/real/Kinetics-400/-0WZKTu0xNk_000112_000122.mp4,real,0.1768,real,True,real,True,real,True
-0Y6xqWo_kM_000004_000014.mp4,/home/umflint.edu/mufarooq/Umar_local_data/GenVideo/video/real/Kinetics-400/-0Y6xqWo_kM_000004_000014.mp4,real,0.7082,real,True,real,True,real,True
-0byZyStAYQ_000054_000064.mp4,/home/umflint.edu/mufarooq/Umar_local_data/GenVideo/video/real/Kinetics-400/-0byZyStAYQ_000054_000064.mp4,real,0.1891,real,True,real,True,real,True
-0cS8MCIJZY_000006_000016.mp4,/home/umflint.edu/mufarooq/Umar_local_data/GenVideo/video/real/Kinetics-400/-0cS8MCIJZY_000006_000016.mp4,real,0.2186,real,True,real,True,real,True
-0dYbFhZsGU_000237_000247.mp4,/home/umflint.edu/mufarooq/Umar_local_data/GenVideo/video/real/Kinetics-400/-0dYbFhZsGU_000237_000247.mp4,real,0.231,real,True,real,True,real,True
-0eUJLYCmbs_000001_000011.mp4,/home/umflint.edu/mufarooq/Umar_local_data/GenVideo/video/real/Kinetics-400/-0eUJLYCmbs_000001_000011.mp4,real,0.25,real,True,real,True,real,True
-0edhdVNyYk_000047_000057.mp4,/home/umflint.edu/mufarooq/Umar_local_data/GenVideo/video/real/Kinetics-400/-0edhdVNyYk_000047_000057.mp4,real,0.1968,real,True,real,True,real,True
-0ew-c0w7uc_000002_000012.mp4,/home/umflint.edu/mufarooq/Umar_local_data/GenVideo/video/real/Kinetics-400/-0ew-c0w7uc_000002_000012.mp4,real,0.1564,real,True,real,True,real,True
-0lfUaTIAEs_000004_000014.mp4,/home/umflint.edu/mufarooq/Umar_local_data/GenVideo/video/real/Kinetics-400/-0lfUaTIAEs_000004_000014.mp4,real,0.5826,real,True,real,True,real,True
-0o2B1AEdoQ_000007_000017.mp4,/home/umflint.edu/mufarooq/Umar_local_data/GenVideo/video/real/Kinetics-400/-0o2B1AEdoQ_000007_000017.mp4,real,0.1515,real,True,real,True,real,True
-0r6NmrdKCU_000043_000053.mp4,/home/umflint.edu/mufarooq/Umar_local_data/GenVideo/video/real/Kinetics-400/-0r6NmrdKCU_000043_000053.mp4,real,0.1872,real,True,real,True,real,True
-0vBGWkPoq4_000031_000041.mp4,/home/umflint.edu/mufarooq/Umar_local_data/GenVideo/video/real/Kinetics-400/-0vBGWkPoq4_000031_000041.mp4,real,0.5708,real,True,real,True,real,True
-0vzKnJrPQs_000096_000106.mp4,/home/umflint.edu/mufarooq/Umar_local_data/GenVideo/video/real/Kinetics-400/-0vzKnJrPQs_000096_000106.mp4,real,0.1959,real,True,real,True,real,True
-0yP0wBW_uQ_000003_000013.mp4,/home/umflint.edu/mufarooq/Umar_local_data/GenVideo/video/real/Kinetics-400/-0yP0wBW_uQ_000003_000013.mp4,real,0.1977,real,True,real,True,real,True
-0y_lDefNlc_000140_000150.mp4,/home/umflint.edu/mufarooq/Umar_local_data/GenVideo/video/real/Kinetics-400/-0y_lDefNlc_000140_000150.mp4,real,0.1892,real,True,real,True,real,True
-1-_dKO7AHo_000193_000203.mp4,/home/umflint.edu/mufarooq/Umar_local_data/GenVideo/video/real/Kinetics-400/-1-_dKO7AHo_000193_000203.mp4,real,0.5887,real,True,real,True,real,True
-1-ni_H1VyI_000320_000330.mp4,/home/umflint.edu/mufarooq/Umar_local_data/GenVideo/video/real/Kinetics-400/-1-ni_H1VyI_000320_000330.mp4,real,0.4667,real,True,real,True,real,True
-10xhPhBo0k_000498_000508.mp4,/home/umflint.edu/mufarooq/Umar_local_data/GenVideo/video/real/Kinetics-400/-10xhPhBo0k_000498_000508.mp4,real,0.2008,real,True,real,True,real,True
-12y8XXUDOA_000164_000174.mp4,/home/umflint.edu/mufarooq/Umar_local_data/GenVideo/video/real/Kinetics-400/-12y8XXUDOA_000164_000174.mp4,real,0.1966,real,True,real,True,real,True
-154370L9wE_000079_000089.mp4,/home/umflint.edu/mufarooq/Umar_local_data/GenVideo/video/real/Kinetics-400/-154370L9wE_000079_000089.mp4,real,0.3048,real,True,real,True,real,True
-15OAjLm520_000006_000016.mp4,/home/umflint.edu/mufarooq/Umar_local_data/GenVideo/video/real/Kinetics-400/-15OAjLm520_000006_000016.mp4,real,1.0211,real,True,real,True,fake,False
-15UpGVyV4w_000001_000011.mp4,/home/umflint.edu/mufarooq/Umar_local_data/GenVideo/video/real/Kinetics-400/-15UpGVyV4w_000001_000011.mp4,real,0.5139,real,True,real,True,real,True
-16TZQLfXUc_000060_000070.mp4,/home/umflint.edu/mufarooq/Umar_local_data/GenVideo/video/real/Kinetics-400/-16TZQLfXUc_000060_000070.mp4,real,0.7032,real,True,real,True,real,True
-18X6h92xpw_000024_000034.mp4,/home/umflint.edu/mufarooq/Umar_local_data/GenVideo/video/real/Kinetics-400/-18X6h92xpw_000024_000034.mp4,real,0.6185,real,True,real,True,real,True
-1AV2VguEDw_000136_000146.mp4,/home/umflint.edu/mufarooq/Umar_local_data/GenVideo/video/real/Kinetics-400/-1AV2VguEDw_000136_000146.mp4,real,0.4905,real,True,real,True,real,True
-1DARulHLgw_000007_000017.mp4,/home/umflint.edu/mufarooq/Umar_local_data/GenVideo/video/real/Kinetics-400/-1DARulHLgw_000007_000017.mp4,real,0.5479,real,True,real,True,real,True
-1DQLnNEH8g_000003_000013.mp4,/home/umflint.edu/mufarooq/Umar_local_data/GenVideo/video/real/Kinetics-400/-1DQLnNEH8g_000003_000013.mp4,real,0.5562,real,True,real,True,real,True
-1FlCGo8M4E_000574_000584.mp4,/home/umflint.edu/mufarooq/Umar_local_data/GenVideo/video/real/Kinetics-400/-1FlCGo8M4E_000574_000584.mp4,real,1.0346,real,True,real,True,fake,False
-1Gh2yyYY7M_000019_000029.mp4,/home/umflint.edu/mufarooq/Umar_local_data/GenVideo/video/real/Kinetics-400/-1Gh2yyYY7M_000019_000029.mp4,real,0.2978,real,True,real,True,real,True
-1GsilN0qjU_000025_000035.mp4,/home/umflint.edu/mufarooq/Umar_local_data/GenVideo/video/real/Kinetics-400/-1GsilN0qjU_000025_000035.mp4,real,0.2259,real,True,real,True,real,True
-1HDL5IqExA_000018_000028.mp4,/home/umflint.edu/mufarooq/Umar_local_data/GenVideo/video/real/Kinetics-400/-1HDL5IqExA_000018_000028.mp4,real,0.2856,real,True,real,True,real,True
-1Hub6Ps_cc_000047_000057.mp4,/home/umflint.edu/mufarooq/Umar_local_data/GenVideo/video/real/Kinetics-400/-1Hub6Ps_cc_000047_000057.mp4,real,0.7603,real,True,real,True,real,True
-1KtlEOx78I_000009_000019.mp4,/home/umflint.edu/mufarooq/Umar_local_data/GenVideo/video/real/Kinetics-400/-1KtlEOx78I_000009_000019.mp4,real,0.4424,real,True,real,True,real,True
-1QTRLQSzhQ_000145_000155.mp4,/home/umflint.edu/mufarooq/Umar_local_data/GenVideo/video/real/Kinetics-400/-1QTRLQSzhQ_000145_000155.mp4,real,0.4163,real,True,real,True,real,True
-1RpglW_MLA_000020_000030.mp4,/home/umflint.edu/mufarooq/Umar_local_data/GenVideo/video/real/Kinetics-400/-1RpglW_MLA_000020_000030.mp4,real,0.3686,real,True,real,True,real,True
-1RxG3SJZfY_000103_000113.mp4,/home/umflint.edu/mufarooq/Umar_local_data/GenVideo/video/real/Kinetics-400/-1RxG3SJZfY_000103_000113.mp4,real,1.3752,real,True,fake,False,fake,False
-1Te0BM0oU8_000000_000010.mp4,/home/umflint.edu/mufarooq/Umar_local_data/GenVideo/video/real/Kinetics-400/-1Te0BM0oU8_000000_000010.mp4,real,0.1706,real,True,real,True,real,True
-1XzFG0hqAI_000001_000011.mp4,/home/umflint.edu/mufarooq/Umar_local_data/GenVideo/video/real/Kinetics-400/-1XzFG0hqAI_000001_000011.mp4,real,1.5007,fake,False,fake,False,fake,False
-1fippPF1oI_000002_000012.mp4,/home/umflint.edu/mufarooq/Umar_local_data/GenVideo/video/real/Kinetics-400/-1fippPF1oI_000002_000012.mp4,real,0.2258,real,True,real,True,real,True
-1iWWmJmwzI_000048_000058.mp4,/home/umflint.edu/mufarooq/Umar_local_data/GenVideo/video/real/Kinetics-400/-1iWWmJmwzI_000048_000058.mp4,real,0.2015,real,True,real,True,real,True
-1nK1bPQYEc_000149_000159.mp4,/home/umflint.edu/mufarooq/Umar_local_data/GenVideo/video/real/Kinetics-400/-1nK1bPQYEc_000149_000159.mp4,real,1.4374,fake,False,fake,False,fake,False
-1q3fZMO1_M_000083_000093.mp4,/home/umflint.edu/mufarooq/Umar_local_data/GenVideo/video/real/Kinetics-400/-1q3fZMO1_M_000083_000093.mp4,real,1.0577,real,True,real,True,fake,False
-1qwHuGXhuo_000016_000026.mp4,/home/umflint.edu/mufarooq/Umar_local_data/GenVideo/video/real/Kinetics-400/-1qwHuGXhuo_000016_000026.mp4,real,0.3783,real,True,real,True,real,True
-1th54-55Xc_000016_000026.mp4,/home/umflint.edu/mufarooq/Umar_local_data/GenVideo/video/real/Kinetics-400/-1th54-55Xc_000016_000026.mp4,real,1.0622,real,True,real,True,fake,False
-1vQEXONh3Y_000723_000733.mp4,/home/umflint.edu/mufarooq/Umar_local_data/GenVideo/video/real/Kinetics-400/-1vQEXONh3Y_000723_000733.mp4,real,0.1528,real,True,real,True,real,True
-1xDshoKGiw_000168_000178.mp4,/home/umflint.edu/mufarooq/Umar_local_data/GenVideo/video/real/Kinetics-400/-1xDshoKGiw_000168_000178.mp4,real,0.5748,real,True,real,True,real,True
msrvtt_1.mp4,/home/umflint.edu/mufarooq/Umar_local_data/GenVideo/video/real/MSR-VTT/msrvtt_1.mp4,real,0.4734,real,True,real,True,real,True
msrvtt_10.mp4,/home/umflint.edu/mufarooq/Umar_local_data/GenVideo/video/real/MSR-VTT/msrvtt_10.mp4,real,0.9369,real,True,real,True,fake,False
msrvtt_100.mp4,/home/umflint.edu/mufarooq/Umar_local_data/GenVideo/video/real/MSR-VTT/msrvtt_100.mp4,real,0.6852,real,True,real,True,real,True
msrvtt_1000.mp4,/home/umflint.edu/mufarooq/Umar_local_data/GenVideo/video/real/MSR-VTT/msrvtt_1000.mp4,real,0.2072,real,True,real,True,real,True
msrvtt_10000.mp4,/home/umflint.edu/mufarooq/Umar_local_data/GenVideo/video/real/MSR-VTT/msrvtt_10000.mp4,real,0.3555,real,True,real,True,real,True
msrvtt_1001.mp4,/home/umflint.edu/mufarooq/Umar_local_data/GenVideo/video/real/MSR-VTT/msrvtt_1001.mp4,real,0.6691,real,True,real,True,real,True
msrvtt_1002.mp4,/home/umflint.edu/mufarooq/Umar_local_data/GenVideo/video/real/MSR-VTT/msrvtt_1002.mp4,real,0.5904,real,True,real,True,real,True
msrvtt_1003.mp4,/home/umflint.edu/mufarooq/Umar_local_data/GenVideo/video/real/MSR-VTT/msrvtt_1003.mp4,real,0.2561,real,True,real,True,real,True
msrvtt_1004.mp4,/home/umflint.edu/mufarooq/Umar_local_data/GenVideo/video/real/MSR-VTT/msrvtt_1004.mp4,real,0.189,real,True,real,True,real,True
msrvtt_1005.mp4,/home/umflint.edu/mufarooq/Umar_local_data/GenVideo/video/real/MSR-VTT/msrvtt_1005.mp4,real,0.5206,real,True,real,True,real,True
msrvtt_1006.mp4,/home/umflint.edu/mufarooq/Umar_local_data/GenVideo/video/real/MSR-VTT/msrvtt_1006.mp4,real,0.8493,real,True,real,True,fake,False
msrvtt_1007.mp4,/home/umflint.edu/mufarooq/Umar_local_data/GenVideo/video/real/MSR-VTT/msrvtt_1007.mp4,real,1.4047,real,True,fake,False,fake,False
msrvtt_1008.mp4,/home/umflint.edu/mufarooq/Umar_local_data/GenVideo/video/real/MSR-VTT/msrvtt_1008.mp4,real,0.6276,real,True,real,True,real,True
msrvtt_1009.mp4,/home/umflint.edu/mufarooq/Umar_local_data/GenVideo/video/real/MSR-VTT/msrvtt_1009.mp4,real,0.8473,real,True,real,True,real,True
msrvtt_101.mp4,/home/umflint.edu/mufarooq/Umar_local_data/GenVideo/video/real/MSR-VTT/msrvtt_101.mp4,real,0.7693,real,True,real,True,real,True
msrvtt_1010.mp4,/home/umflint.edu/mufarooq/Umar_local_data/GenVideo/video/real/MSR-VTT/msrvtt_1010.mp4,real,0.2685,real,True,real,True,real,True
msrvtt_1011.mp4,/home/umflint.edu/mufarooq/Umar_local_data/GenVideo/video/real/MSR-VTT/msrvtt_1011.mp4,real,0.2236,real,True,real,True,real,True
msrvtt_1012.mp4,/home/umflint.edu/mufarooq/Umar_local_data/GenVideo/video/real/MSR-VTT/msrvtt_1012.mp4,real,0.1885,real,True,real,True,real,True
msrvtt_1013.mp4,/home/umflint.edu/mufarooq/Umar_local_data/GenVideo/video/real/MSR-VTT/msrvtt_1013.mp4,real,0.2544,real,True,real,True,real,True
msrvtt_1014.mp4,/home/umflint.edu/mufarooq/Umar_local_data/GenVideo/video/real/MSR-VTT/msrvtt_1014.mp4,real,0.1465,real,True,real,True,real,True
msrvtt_1015.mp4,/home/umflint.edu/mufarooq/Umar_local_data/GenVideo/video/real/MSR-VTT/msrvtt_1015.mp4,real,0.5961,real,True,real,True,real,True
msrvtt_1016.mp4,/home/umflint.edu/mufarooq/Umar_local_data/GenVideo/video/real/MSR-VTT/msrvtt_1016.mp4,real,0.1727,real,True,real,True,real,True
msrvtt_1017.mp4,/home/umflint.edu/mufarooq/Umar_local_data/GenVideo/video/real/MSR-VTT/msrvtt_1017.mp4,real,0.3128,real,True,real,True,real,True
msrvtt_1018.mp4,/home/umflint.edu/mufarooq/Umar_local_data/GenVideo/video/real/MSR-VTT/msrvtt_1018.mp4,real,0.6974,real,True,real,True,real,True
msrvtt_1019.mp4,/home/umflint.edu/mufarooq/Umar_local_data/GenVideo/video/real/MSR-VTT/msrvtt_1019.mp4,real,0.6613,real,True,real,True,real,True
msrvtt_102.mp4,/home/umflint.edu/mufarooq/Umar_local_data/GenVideo/video/real/MSR-VTT/msrvtt_102.mp4,real,1.5747,fake,False,fake,False,fake,False
msrvtt_1020.mp4,/home/umflint.edu/mufarooq/Umar_local_data/GenVideo/video/real/MSR-VTT/msrvtt_1020.mp4,real,0.2428,real,True,real,True,real,True
msrvtt_1021.mp4,/home/umflint.edu/mufarooq/Umar_local_data/GenVideo/video/real/MSR-VTT/msrvtt_1021.mp4,real,1.5026,fake,False,fake,False,fake,False
msrvtt_1022.mp4,/home/umflint.edu/mufarooq/Umar_local_data/GenVideo/video/real/MSR-VTT/msrvtt_1022.mp4,real,1.2976,real,True,fake,False,fake,False
msrvtt_1023.mp4,/home/umflint.edu/mufarooq/Umar_local_data/GenVideo/video/real/MSR-VTT/msrvtt_1023.mp4,real,1.222,real,True,fake,False,fake,False
msrvtt_1024.mp4,/home/umflint.edu/mufarooq/Umar_local_data/GenVideo/video/real/MSR-VTT/msrvtt_1024.mp4,real,0.2098,real,True,real,True,real,True
msrvtt_1025.mp4,/home/umflint.edu/mufarooq/Umar_local_data/GenVideo/video/real/MSR-VTT/msrvtt_1025.mp4,real,0.2585,real,True,real,True,real,True
msrvtt_1026.mp4,/home/umflint.edu/mufarooq/Umar_local_data/GenVideo/video/real/MSR-VTT/msrvtt_1026.mp4,real,0.4928,real,True,real,True,real,True
msrvtt_1027.mp4,/home/umflint.edu/mufarooq/Umar_local_data/GenVideo/video/real/MSR-VTT/msrvtt_1027.mp4,real,0.6294,real,True,real,True,real,True
msrvtt_1028.mp4,/home/umflint.edu/mufarooq/Umar_local_data/GenVideo/video/real/MSR-VTT/msrvtt_1028.mp4,real,0.211,real,True,real,True,real,True
msrvtt_1029.mp4,/home/umflint.edu/mufarooq/Umar_local_data/GenVideo/video/real/MSR-VTT/msrvtt_1029.mp4,real,0.1716,real,True,real,True,real,True
msrvtt_103.mp4,/home/umflint.edu/mufarooq/Umar_local_data/GenVideo/video/real/MSR-VTT/msrvtt_103.mp4,real,1.5471,fake,False,fake,False,fake,False
msrvtt_1030.mp4,/home/umflint.edu/mufarooq/Umar_local_data/GenVideo/video/real/MSR-VTT/msrvtt_1030.mp4,real,0.2369,real,True,real,True,real,True
msrvtt_1031.mp4,/home/umflint.edu/mufarooq/Umar_local_data/GenVideo/video/real/MSR-VTT/msrvtt_1031.mp4,real,0.2789,real,True,real,True,real,True
msrvtt_1032.mp4,/home/umflint.edu/mufarooq/Umar_local_data/GenVideo/video/real/MSR-VTT/msrvtt_1032.mp4,real,1.0755,real,True,real,True,fake,False
msrvtt_1033.mp4,/home/umflint.edu/mufarooq/Umar_local_data/GenVideo/video/real/MSR-VTT/msrvtt_1033.mp4,real,0.7433,real,True,real,True,real,True
msrvtt_1034.mp4,/home/umflint.edu/mufarooq/Umar_local_data/GenVideo/video/real/MSR-VTT/msrvtt_1034.mp4,real,0.368,real,True,real,True,real,True
msrvtt_1035.mp4,/home/umflint.edu/mufarooq/Umar_local_data/GenVideo/video/real/MSR-VTT/msrvtt_1035.mp4,real,0.3021,real,True,real,True,real,True
msrvtt_1036.mp4,/home/umflint.edu/mufarooq/Umar_local_data/GenVideo/video/real/MSR-VTT/msrvtt_1036.mp4,real,0.9414,real,True,real,True,fake,False
msrvtt_1037.mp4,/home/umflint.edu/mufarooq/Umar_local_data/GenVideo/video/real/MSR-VTT/msrvtt_1037.mp4,real,0.7635,real,True,real,True,real,True
msrvtt_1038.mp4,/home/umflint.edu/mufarooq/Umar_local_data/GenVideo/video/real/MSR-VTT/msrvtt_1038.mp4,real,0.206,real,True,real,True,real,True
msrvtt_1039.mp4,/home/umflint.edu/mufarooq/Umar_local_data/GenVideo/video/real/MSR-VTT/msrvtt_1039.mp4,real,0.5872,real,True,real,True,real,True
msrvtt_104.mp4,/home/umflint.edu/mufarooq/Umar_local_data/GenVideo/video/real/MSR-VTT/msrvtt_104.mp4,real,0.3117,real,True,real,True,real,True
msrvtt_1040.mp4,/home/umflint.edu/mufarooq/Umar_local_data/GenVideo/video/real/MSR-VTT/msrvtt_1040.mp4,real,0.6041,real,True,real,True,real,True
msrvtt_1041.mp4,/home/umflint.edu/mufarooq/Umar_local_data/GenVideo/video/real/MSR-VTT/msrvtt_1041.mp4,real,0.5041,real,True,real,True,real,True
msrvtt_1042.mp4,/home/umflint.edu/mufarooq/Umar_local_data/GenVideo/video/real/MSR-VTT/msrvtt_1042.mp4,real,0.1919,real,True,real,True,real,True
msrvtt_1043.mp4,/home/umflint.edu/mufarooq/Umar_local_data/GenVideo/video/real/MSR-VTT/msrvtt_1043.mp4,real,0.2085,real,True,real,True,real,True
msrvtt_1044.mp4,/home/umflint.edu/mufarooq/Umar_local_data/GenVideo/video/real/MSR-VTT/msrvtt_1044.mp4,real,0.222,real,True,real,True,real,True
msrvtt_1045.mp4,/home/umflint.edu/mufarooq/Umar_local_data/GenVideo/video/real/MSR-VTT/msrvtt_1045.mp4,real,0.1879,real,True,real,True,real,True
msrvtt_1046.mp4,/home/umflint.edu/mufarooq/Umar_local_data/GenVideo/video/real/MSR-VTT/msrvtt_1046.mp4,real,1.1358,real,True,fake,False,fake,False
msrvtt_1047.mp4,/home/umflint.edu/mufarooq/Umar_local_data/GenVideo/video/real/MSR-VTT/msrvtt_1047.mp4,real,1.1751,real,True,fake,False,fake,False
msrvtt_1048.mp4,/home/umflint.edu/mufarooq/Umar_local_data/GenVideo/video/real/MSR-VTT/msrvtt_1048.mp4,real,0.2185,real,True,real,True,real,True
msrvtt_1049.mp4,/home/umflint.edu/mufarooq/Umar_local_data/GenVideo/video/real/MSR-VTT/msrvtt_1049.mp4,real,0.2837,real,True,real,True,real,True
msrvtt_105.mp4,/home/umflint.edu/mufarooq/Umar_local_data/GenVideo/video/real/MSR-VTT/msrvtt_105.mp4,real,0.7143,real,True,real,True,real,True
msrvtt_1050.mp4,/home/umflint.edu/mufarooq/Umar_local_data/GenVideo/video/real/MSR-VTT/msrvtt_1050.mp4,real,0.6275,real,True,real,True,real,True
msrvtt_1051.mp4,/home/umflint.edu/mufarooq/Umar_local_data/GenVideo/video/real/MSR-VTT/msrvtt_1051.mp4,real,0.2004,real,True,real,True,real,True
msrvtt_1052.mp4,/home/umflint.edu/mufarooq/Umar_local_data/GenVideo/video/real/MSR-VTT/msrvtt_1052.mp4,real,0.6823,real,True,real,True,real,True
msrvtt_1053.mp4,/home/umflint.edu/mufarooq/Umar_local_data/GenVideo/video/real/MSR-VTT/msrvtt_1053.mp4,real,0.2213,real,True,real,True,real,True
msrvtt_1054.mp4,/home/umflint.edu/mufarooq/Umar_local_data/GenVideo/video/real/MSR-VTT/msrvtt_1054.mp4,real,0.3286,real,True,real,True,real,True
msrvtt_1055.mp4,/home/umflint.edu/mufarooq/Umar_local_data/GenVideo/video/real/MSR-VTT/msrvtt_1055.mp4,real,1.4886,fake,False,fake,False,fake,False
msrvtt_1056.mp4,/home/umflint.edu/mufarooq/Umar_local_data/GenVideo/video/real/MSR-VTT/msrvtt_1056.mp4,real,0.7591,real,True,real,True,real,True
msrvtt_1057.mp4,/home/umflint.edu/mufarooq/Umar_local_data/GenVideo/video/real/MSR-VTT/msrvtt_1057.mp4,real,1.1927,real,True,fake,False,fake,False
msrvtt_1058.mp4,/home/umflint.edu/mufarooq/Umar_local_data/GenVideo/video/real/MSR-VTT/msrvtt_1058.mp4,real,0.4533,real,True,real,True,real,True
msrvtt_1059.mp4,/home/umflint.edu/mufarooq/Umar_local_data/GenVideo/video/real/MSR-VTT/msrvtt_1059.mp4,real,0.1922,real,True,real,True,real,True
msrvtt_106.mp4,/home/umflint.edu/mufarooq/Umar_local_data/GenVideo/video/real/MSR-VTT/msrvtt_106.mp4,real,0.1859,real,True,real,True,real,True
msrvtt_1060.mp4,/home/umflint.edu/mufarooq/Umar_local_data/GenVideo/video/real/MSR-VTT/msrvtt_1060.mp4,real,1.5709,fake,False,fake,False,fake,False
msrvtt_1061.mp4,/home/umflint.edu/mufarooq/Umar_local_data/GenVideo/video/real/MSR-VTT/msrvtt_1061.mp4,real,0.2999,real,True,real,True,real,True
msrvtt_1062.mp4,/home/umflint.edu/mufarooq/Umar_local_data/GenVideo/video/real/MSR-VTT/msrvtt_1062.mp4,real,0.4226,real,True,real,True,real,True
msrvtt_1063.mp4,/home/umflint.edu/mufarooq/Umar_local_data/GenVideo/video/real/MSR-VTT/msrvtt_1063.mp4,real,1.0246,real,True,real,True,fake,False
msrvtt_1064.mp4,/home/umflint.edu/mufarooq/Umar_local_data/GenVideo/video/real/MSR-VTT/msrvtt_1064.mp4,real,0.8327,real,True,real,True,real,True
msrvtt_1065.mp4,/home/umflint.edu/mufarooq/Umar_local_data/GenVideo/video/real/MSR-VTT/msrvtt_1065.mp4,real,0.5828,real,True,real,True,real,True
msrvtt_1066.mp4,/home/umflint.edu/mufarooq/Umar_local_data/GenVideo/video/real/MSR-VTT/msrvtt_1066.mp4,real,0.17,real,True,real,True,real,True
msrvtt_1067.mp4,/home/umflint.edu/mufarooq/Umar_local_data/GenVideo/video/real/MSR-VTT/msrvtt_1067.mp4,real,0.1976,real,True,real,True,real,True
msrvtt_1068.mp4,/home/umflint.edu/mufarooq/Umar_local_data/GenVideo/video/real/MSR-VTT/msrvtt_1068.mp4,real,0.6291,real,True,real,True,real,True
msrvtt_1069.mp4,/home/umflint.edu/mufarooq/Umar_local_data/GenVideo/video/real/MSR-VTT/msrvtt_1069.mp4,real,0.842,real,True,real,True,real,True
msrvtt_107.mp4,/home/umflint.edu/mufarooq/Umar_local_data/GenVideo/video/real/MSR-VTT/msrvtt_107.mp4,real,0.4123,real,True,real,True,real,True
msrvtt_1070.mp4,/home/umflint.edu/mufarooq/Umar_local_data/GenVideo/video/real/MSR-VTT/msrvtt_1070.mp4,real,0.3632,real,True,real,True,real,True
msrvtt_1071.mp4,/home/umflint.edu/mufarooq/Umar_local_data/GenVideo/video/real/MSR-VTT/msrvtt_1071.mp4,real,0.9312,real,True,real,True,fake,False
msrvtt_1072.mp4,/home/umflint.edu/mufarooq/Umar_local_data/GenVideo/video/real/MSR-VTT/msrvtt_1072.mp4,real,0.7749,real,True,real,True,real,True
msrvtt_1073.mp4,/home/umflint.edu/mufarooq/Umar_local_data/GenVideo/video/real/MSR-VTT/msrvtt_1073.mp4,real,0.1713,real,True,real,True,real,True
msrvtt_1074.mp4,/home/umflint.edu/mufarooq/Umar_local_data/GenVideo/video/real/MSR-VTT/msrvtt_1074.mp4,real,0.1388,real,True,real,True,real,True
msrvtt_1075.mp4,/home/umflint.edu/mufarooq/Umar_local_data/GenVideo/video/real/MSR-VTT/msrvtt_1075.mp4,real,0.6385,real,True,real,True,real,True
msrvtt_1076.mp4,/home/umflint.edu/mufarooq/Umar_local_data/GenVideo/video/real/MSR-VTT/msrvtt_1076.mp4,real,0.9138,real,True,real,True,fake,False
msrvtt_1077.mp4,/home/umflint.edu/mufarooq/Umar_local_data/GenVideo/video/real/MSR-VTT/msrvtt_1077.mp4,real,0.3274,real,True,real,True,real,True
msrvtt_1078.mp4,/home/umflint.edu/mufarooq/Umar_local_data/GenVideo/video/real/MSR-VTT/msrvtt_1078.mp4,real,0.8676,real,True,real,True,fake,False
msrvtt_1079.mp4,/home/umflint.edu/mufarooq/Umar_local_data/GenVideo/video/real/MSR-VTT/msrvtt_1079.mp4,real,0.3311,real,True,real,True,real,True
msrvtt_108.mp4,/home/umflint.edu/mufarooq/Umar_local_data/GenVideo/video/real/MSR-VTT/msrvtt_108.mp4,real,1.2396,real,True,fake,False,fake,False
msrvtt_1080.mp4,/home/umflint.edu/mufarooq/Umar_local_data/GenVideo/video/real/MSR-VTT/msrvtt_1080.mp4,real,0.4687,real,True,real,True,real,True
msrvtt_1081.mp4,/home/umflint.edu/mufarooq/Umar_local_data/GenVideo/video/real/MSR-VTT/msrvtt_1081.mp4,real,1.5373,fake,False,fake,False,fake,False
msrvtt_1082.mp4,/home/umflint.edu/mufarooq/Umar_local_data/GenVideo/video/real/MSR-VTT/msrvtt_1082.mp4,real,0.3257,real,True,real,True,real,True
msrvtt_1083.mp4,/home/umflint.edu/mufarooq/Umar_local_data/GenVideo/video/real/MSR-VTT/msrvtt_1083.mp4,real,1.536,fake,False,fake,False,fake,False
msrvtt_1084.mp4,/home/umflint.edu/mufarooq/Umar_local_data/GenVideo/video/real/MSR-VTT/msrvtt_1084.mp4,real,0.1823,real,True,real,True,real,True
msrvtt_1085.mp4,/home/umflint.edu/mufarooq/Umar_local_data/GenVideo/video/real/MSR-VTT/msrvtt_1085.mp4,real,0.4616,real,True,real,True,real,True
msrvtt_1086.mp4,/home/umflint.edu/mufarooq/Umar_local_data/GenVideo/video/real/MSR-VTT/msrvtt_1086.mp4,real,0.1662,real,True,real,True,real,True
msrvtt_1087.mp4,/home/umflint.edu/mufarooq/Umar_local_data/GenVideo/video/real/MSR-VTT/msrvtt_1087.mp4,real,0.2248,real,True,real,True,real,True
modelscope_1.mp4,/home/umflint.edu/mufarooq/Umar_local_data/GenVideo/video/fake/ModelScope/modelscope_1.mp4,fake,1.5747,fake,True,fake,True,fake,True
modelscope_10.mp4,/home/umflint.edu/mufarooq/Umar_local_data/GenVideo/video/fake/ModelScope/modelscope_10.mp4,fake,0.4127,real,False,real,False,real,False
modelscope_100.mp4,/home/umflint.edu/mufarooq/Umar_local_data/GenVideo/video/fake/ModelScope/modelscope_100.mp4,fake,1.0459,real,False,real,False,fake,True
modelscope_101.mp4,/home/umflint.edu/mufarooq/Umar_local_data/GenVideo/video/fake/ModelScope/modelscope_101.mp4,fake,0.1637,real,False,real,False,real,False
modelscope_102.mp4,/home/umflint.edu/mufarooq/Umar_local_data/GenVideo/video/fake/ModelScope/modelscope_102.mp4,fake,0.4169,real,False,real,False,real,False
modelscope_103.mp4,/home/umflint.edu/mufarooq/Umar_local_data/GenVideo/video/fake/ModelScope/modelscope_103.mp4,fake,1.0654,real,False,real,False,fake,True
modelscope_104.mp4,/home/umflint.edu/mufarooq/Umar_local_data/GenVideo/video/fake/ModelScope/modelscope_104.mp4,fake,0.2444,real,False,real,False,real,False
modelscope_105.mp4,/home/umflint.edu/mufarooq/Umar_local_data/GenVideo/video/fake/ModelScope/modelscope_105.mp4,fake,1.3802,real,False,fake,True,fake,True
modelscope_106.mp4,/home/umflint.edu/mufarooq/Umar_local_data/GenVideo/video/fake/ModelScope/modelscope_106.mp4,fake,0.1415,real,False,real,False,real,False
modelscope_107.mp4,/home/umflint.edu/mufarooq/Umar_local_data/GenVideo/video/fake/ModelScope/modelscope_107.mp4,fake,1.547,fake,True,fake,True,fake,True
modelscope_108.mp4,/home/umflint.edu/mufarooq/Umar_local_data/GenVideo/video/fake/ModelScope/modelscope_108.mp4,fake,0.5971,real,False,real,False,real,False
modelscope_109.mp4,/home/umflint.edu/mufarooq/Umar_local_data/GenVideo/video/fake/ModelScope/modelscope_109.mp4,fake,1.2484,real,False,fake,True,fake,True
modelscope_11.mp4,/home/umflint.edu/mufarooq/Umar_local_data/GenVideo/video/fake/ModelScope/modelscope_11.mp4,fake,1.299,real,False,fake,True,fake,True
modelscope_110.mp4,/home/umflint.edu/mufarooq/Umar_local_data/GenVideo/video/fake/ModelScope/modelscope_110.mp4,fake,0.3291,real,False,real,False,real,False
modelscope_111.mp4,/home/umflint.edu/mufarooq/Umar_local_data/GenVideo/video/fake/ModelScope/modelscope_111.mp4,fake,0.2426,real,False,real,False,real,False
modelscope_112.mp4,/home/umflint.edu/mufarooq/Umar_local_data/GenVideo/video/fake/ModelScope/modelscope_112.mp4,fake,1.2174,real,False,fake,True,fake,True
modelscope_113.mp4,/home/umflint.edu/mufarooq/Umar_local_data/GenVideo/video/fake/ModelScope/modelscope_113.mp4,fake,0.3482,real,False,real,False,real,False
modelscope_114.mp4,/home/umflint.edu/mufarooq/Umar_local_data/GenVideo/video/fake/ModelScope/modelscope_114.mp4,fake,1.5477,fake,True,fake,True,fake,True
modelscope_115.mp4,/home/umflint.edu/mufarooq/Umar_local_data/GenVideo/video/fake/ModelScope/modelscope_115.mp4,fake,1.5196,fake,True,fake,True,fake,True
modelscope_116.mp4,/home/umflint.edu/mufarooq/Umar_local_data/GenVideo/video/fake/ModelScope/modelscope_116.mp4,fake,1.574,fake,True,fake,True,fake,True
modelscope_117.mp4,/home/umflint.edu/mufarooq/Umar_local_data/GenVideo/video/fake/ModelScope/modelscope_117.mp4,fake,0.4707,real,False,real,False,real,False
modelscope_118.mp4,/home/umflint.edu/mufarooq/Umar_local_data/GenVideo/video/fake/ModelScope/modelscope_118.mp4,fake,0.2027,real,False,real,False,real,False
modelscope_119.mp4,/home/umflint.edu/mufarooq/Umar_local_data/GenVideo/video/fake/ModelScope/modelscope_119.mp4,fake,1.0784,real,False,real,False,fake,True
modelscope_12.mp4,/home/umflint.edu/mufarooq/Umar_local_data/GenVideo/video/fake/ModelScope/modelscope_12.mp4,fake,0.3973,real,False,real,False,real,False
modelscope_120.mp4,/home/umflint.edu/mufarooq/Umar_local_data/GenVideo/video/fake/ModelScope/modelscope_120.mp4,fake,1.0842,real,False,real,False,fake,True
modelscope_121.mp4,/home/umflint.edu/mufarooq/Umar_local_data/GenVideo/video/fake/ModelScope/modelscope_121.mp4,fake,0.3336,real,False,real,False,real,False
modelscope_122.mp4,/home/umflint.edu/mufarooq/Umar_local_data/GenVideo/video/fake/ModelScope/modelscope_122.mp4,fake,0.4344,real,False,real,False,real,False
modelscope_123.mp4,/home/umflint.edu/mufarooq/Umar_local_data/GenVideo/video/fake/ModelScope/modelscope_123.mp4,fake,0.8753,real,False,real,False,fake,True
modelscope_124.mp4,/home/umflint.edu/mufarooq/Umar_local_data/GenVideo/video/fake/ModelScope/modelscope_124.mp4,fake,0.1238,real,False,real,False,real,False
modelscope_125.mp4,/home/umflint.edu/mufarooq/Umar_local_data/GenVideo/video/fake/ModelScope/modelscope_125.mp4,fake,1.564,fake,True,fake,True,fake,True
modelscope_126.mp4,/home/umflint.edu/mufarooq/Umar_local_data/GenVideo/video/fake/ModelScope/modelscope_126.mp4,fake,0.1324,real,False,real,False,real,False
modelscope_127.mp4,/home/umflint.edu/mufarooq/Umar_local_data/GenVideo/video/fake/ModelScope/modelscope_127.mp4,fake,1.1818,real,False,fake,True,fake,True
modelscope_128.mp4,/home/umflint.edu/mufarooq/Umar_local_data/GenVideo/video/fake/ModelScope/modelscope_128.mp4,fake,0.7306,real,False,real,False,real,False
modelscope_129.mp4,/home/umflint.edu/mufarooq/Umar_local_data/GenVideo/video/fake/ModelScope/modelscope_129.mp4,fake,0.3575,real,False,real,False,real,False
modelscope_13.mp4,/home/umflint.edu/mufarooq/Umar_local_data/GenVideo/video/fake/ModelScope/modelscope_13.mp4,fake,0.3375,real,False,real,False,real,False
modelscope_130.mp4,/home/umflint.edu/mufarooq/Umar_local_data/GenVideo/video/fake/ModelScope/modelscope_130.mp4,fake,0.2775,real,False,real,False,real,False
modelscope_131.mp4,/home/umflint.edu/mufarooq/Umar_local_data/GenVideo/video/fake/ModelScope/modelscope_131.mp4,fake,1.0304,real,False,real,False,fake,True
modelscope_132.mp4,/home/umflint.edu/mufarooq/Umar_local_data/GenVideo/video/fake/ModelScope/modelscope_132.mp4,fake,0.3778,real,False,real,False,real,False
modelscope_133.mp4,/home/umflint.edu/mufarooq/Umar_local_data/GenVideo/video/fake/ModelScope/modelscope_133.mp4,fake,0.5513,real,False,real,False,real,False
modelscope_134.mp4,/home/umflint.edu/mufarooq/Umar_local_data/GenVideo/video/fake/ModelScope/modelscope_134.mp4,fake,1.4056,real,False,fake,True,fake,True
modelscope_135.mp4,/home/umflint.edu/mufarooq/Umar_local_data/GenVideo/video/fake/ModelScope/modelscope_135.mp4,fake,1.4913,fake,True,fake,True,fake,True
modelscope_136.mp4,/home/umflint.edu/mufarooq/Umar_local_data/GenVideo/video/fake/ModelScope/modelscope_136.mp4,fake,0.2202,real,False,real,False,real,False
modelscope_137.mp4,/home/umflint.edu/mufarooq/Umar_local_data/GenVideo/video/fake/ModelScope/modelscope_137.mp4,fake,0.591,real,False,real,False,real,False
modelscope_138.mp4,/home/umflint.edu/mufarooq/Umar_local_data/GenVideo/video/fake/ModelScope/modelscope_138.mp4,fake,1.5666,fake,True,fake,True,fake,True
modelscope_139.mp4,/home/umflint.edu/mufarooq/Umar_local_data/GenVideo/video/fake/ModelScope/modelscope_139.mp4,fake,1.5578,fake,True,fake,True,fake,True
modelscope_14.mp4,/home/umflint.edu/mufarooq/Umar_local_data/GenVideo/video/fake/ModelScope/modelscope_14.mp4,fake,0.4024,real,False,real,False,real,False
modelscope_140.mp4,/home/umflint.edu/mufarooq/Umar_local_data/GenVideo/video/fake/ModelScope/modelscope_140.mp4,fake,1.4907,fake,True,fake,True,fake,True
modelscope_141.mp4,/home/umflint.edu/mufarooq/Umar_local_data/GenVideo/video/fake/ModelScope/modelscope_141.mp4,fake,1.2055,real,False,fake,True,fake,True
modelscope_142.mp4,/home/umflint.edu/mufarooq/Umar_local_data/GenVideo/video/fake/ModelScope/modelscope_142.mp4,fake,0.2591,real,False,real,False,real,False
modelscope_143.mp4,/home/umflint.edu/mufarooq/Umar_local_data/GenVideo/video/fake/ModelScope/modelscope_143.mp4,fake,1.573,fake,True,fake,True,fake,True
modelscope_144.mp4,/home/umflint.edu/mufarooq/Umar_local_data/GenVideo/video/fake/ModelScope/modelscope_144.mp4,fake,1.0279,real,False,real,False,fake,True
modelscope_145.mp4,/home/umflint.edu/mufarooq/Umar_local_data/GenVideo/video/fake/ModelScope/modelscope_145.mp4,fake,0.1944,real,False,real,False,real,False
modelscope_146.mp4,/home/umflint.edu/mufarooq/Umar_local_data/GenVideo/video/fake/ModelScope/modelscope_146.mp4,fake,0.4803,real,False,real,False,real,False
modelscope_147.mp4,/home/umflint.edu/mufarooq/Umar_local_data/GenVideo/video/fake/ModelScope/modelscope_147.mp4,fake,1.5412,fake,True,fake,True,fake,True
modelscope_148.mp4,/home/umflint.edu/mufarooq/Umar_local_data/GenVideo/video/fake/ModelScope/modelscope_148.mp4,fake,1.4976,fake,True,fake,True,fake,True
modelscope_149.mp4,/home/umflint.edu/mufarooq/Umar_local_data/GenVideo/video/fake/ModelScope/modelscope_149.mp4,fake,1.4977,fake,True,fake,True,fake,True
modelscope_15.mp4,/home/umflint.edu/mufarooq/Umar_local_data/GenVideo/video/fake/ModelScope/modelscope_15.mp4,fake,0.2085,real,False,real,False,real,False
modelscope_150.mp4,/home/umflint.edu/mufarooq/Umar_local_data/GenVideo/video/fake/ModelScope/modelscope_150.mp4,fake,0.2667,real,False,real,False,real,False
modelscope_151.mp4,/home/umflint.edu/mufarooq/Umar_local_data/GenVideo/video/fake/ModelScope/modelscope_151.mp4,fake,1.3269,real,False,fake,True,fake,True
modelscope_152.mp4,/home/umflint.edu/mufarooq/Umar_local_data/GenVideo/video/fake/ModelScope/modelscope_152.mp4,fake,0.463,real,False,real,False,real,False
modelscope_153.mp4,/home/umflint.edu/mufarooq/Umar_local_data/GenVideo/video/fake/ModelScope/modelscope_153.mp4,fake,1.2195,real,False,fake,True,fake,True
modelscope_154.mp4,/home/umflint.edu/mufarooq/Umar_local_data/GenVideo/video/fake/ModelScope/modelscope_154.mp4,fake,0.859,real,False,real,False,fake,True
modelscope_155.mp4,/home/umflint.edu/mufarooq/Umar_local_data/GenVideo/video/fake/ModelScope/modelscope_155.mp4,fake,0.5637,real,False,real,False,real,False
modelscope_156.mp4,/home/umflint.edu/mufarooq/Umar_local_data/GenVideo/video/fake/ModelScope/modelscope_156.mp4,fake,0.7644,real,False,real,False,real,False
modelscope_157.mp4,/home/umflint.edu/mufarooq/Umar_local_data/GenVideo/video/fake/ModelScope/modelscope_157.mp4,fake,0.1096,real,False,real,False,real,False
modelscope_158.mp4,/home/umflint.edu/mufarooq/Umar_local_data/GenVideo/video/fake/ModelScope/modelscope_158.mp4,fake,0.9898,real,False,real,False,fake,True
modelscope_159.mp4,/home/umflint.edu/mufarooq/Umar_local_data/GenVideo/video/fake/ModelScope/modelscope_159.mp4,fake,1.2787,real,False,fake,True,fake,True
modelscope_16.mp4,/home/umflint.edu/mufarooq/Umar_local_data/GenVideo/video/fake/ModelScope/modelscope_16.mp4,fake,1.154,real,False,fake,True,fake,True
modelscope_160.mp4,/home/umflint.edu/mufarooq/Umar_local_data/GenVideo/video/fake/ModelScope/modelscope_160.mp4,fake,0.8693,real,False,real,False,fake,True
modelscope_161.mp4,/home/umflint.edu/mufarooq/Umar_local_data/GenVideo/video/fake/ModelScope/modelscope_161.mp4,fake,0.2688,real,False,real,False,real,False
modelscope_162.mp4,/home/umflint.edu/mufarooq/Umar_local_data/GenVideo/video/fake/ModelScope/modelscope_162.mp4,fake,1.5355,fake,True,fake,True,fake,True
modelscope_163.mp4,/home/umflint.edu/mufarooq/Umar_local_data/GenVideo/video/fake/ModelScope/modelscope_163.mp4,fake,1.3687,real,False,fake,True,fake,True
modelscope_164.mp4,/home/umflint.edu/mufarooq/Umar_local_data/GenVideo/video/fake/ModelScope/modelscope_164.mp4,fake,0.8788,real,False,real,False,fake,True
modelscope_165.mp4,/home/umflint.edu/mufarooq/Umar_local_data/GenVideo/video/fake/ModelScope/modelscope_165.mp4,fake,0.4747,real,False,real,False,real,False
modelscope_166.mp4,/home/umflint.edu/mufarooq/Umar_local_data/GenVideo/video/fake/ModelScope/modelscope_166.mp4,fake,1.1785,real,False,fake,True,fake,True
modelscope_167.mp4,/home/umflint.edu/mufarooq/Umar_local_data/GenVideo/video/fake/ModelScope/modelscope_167.mp4,fake,1.4876,fake,True,fake,True,fake,True
modelscope_168.mp4,/home/umflint.edu/mufarooq/Umar_local_data/GenVideo/video/fake/ModelScope/modelscope_168.mp4,fake,0.7772,real,False,real,False,real,False
modelscope_169.mp4,/home/umflint.edu/mufarooq/Umar_local_data/GenVideo/video/fake/ModelScope/modelscope_169.mp4,fake,1.5115,fake,True,fake,True,fake,True
modelscope_17.mp4,/home/umflint.edu/mufarooq/Umar_local_data/GenVideo/video/fake/ModelScope/modelscope_17.mp4,fake,1.203,real,False,fake,True,fake,True
modelscope_170.mp4,/home/umflint.edu/mufarooq/Umar_local_data/GenVideo/video/fake/ModelScope/modelscope_170.mp4,fake,1.3639,real,False,fake,True,fake,True
modelscope_171.mp4,/home/umflint.edu/mufarooq/Umar_local_data/GenVideo/video/fake/ModelScope/modelscope_171.mp4,fake,0.4928,real,False,real,False,real,False
modelscope_172.mp4,/home/umflint.edu/mufarooq/Umar_local_data/GenVideo/video/fake/ModelScope/modelscope_172.mp4,fake,1.4417,fake,True,fake,True,fake,True
modelscope_173.mp4,/home/umflint.edu/mufarooq/Umar_local_data/GenVideo/video/fake/ModelScope/modelscope_173.mp4,fake,1.5747,fake,True,fake,True,fake,True
modelscope_174.mp4,/home/umflint.edu/mufarooq/Umar_local_data/GenVideo/video/fake/ModelScope/modelscope_174.mp4,fake,1.4502,fake,True,fake,True,fake,True
modelscope_175.mp4,/home/umflint.edu/mufarooq/Umar_local_data/GenVideo/video/fake/ModelScope/modelscope_175.mp4,fake,1.5551,fake,True,fake,True,fake,True
modelscope_176.mp4,/home/umflint.edu/mufarooq/Umar_local_data/GenVideo/video/fake/ModelScope/modelscope_176.mp4,fake,1.4099,real,False,fake,True,fake,True
modelscope_177.mp4,/home/umflint.edu/mufarooq/Umar_local_data/GenVideo/video/fake/ModelScope/modelscope_177.mp4,fake,0.7165,real,False,real,False,real,False
modelscope_178.mp4,/home/umflint.edu/mufarooq/Umar_local_data/GenVideo/video/fake/ModelScope/modelscope_178.mp4,fake,0.8044,real,False,real,False,real,False
modelscope_179.mp4,/home/umflint.edu/mufarooq/Umar_local_data/GenVideo/video/fake/ModelScope/modelscope_179.mp4,fake,0.2125,real,False,real,False,real,False
modelscope_18.mp4,/home/umflint.edu/mufarooq/Umar_local_data/GenVideo/video/fake/ModelScope/modelscope_18.mp4,fake,1.2817,real,False,fake,True,fake,True
modelscope_180.mp4,/home/umflint.edu/mufarooq/Umar_local_data/GenVideo/video/fake/ModelScope/modelscope_180.mp4,fake,1.4881,fake,True,fake,True,fake,True
modelscope_181.mp4,/home/umflint.edu/mufarooq/Umar_local_data/GenVideo/video/fake/ModelScope/modelscope_181.mp4,fake,0.1259,real,False,real,False,real,False
modelscope_182.mp4,/home/umflint.edu/mufarooq/Umar_local_data/GenVideo/video/fake/ModelScope/modelscope_182.mp4,fake,0.8826,real,False,real,False,fake,True
modelscope_183.mp4,/home/umflint.edu/mufarooq/Umar_local_data/GenVideo/video/fake/ModelScope/modelscope_183.mp4,fake,0.2381,real,False,real,False,real,False
modelscope_184.mp4,/home/umflint.edu/mufarooq/Umar_local_data/GenVideo/video/fake/ModelScope/modelscope_184.mp4,fake,0.8876,real,False,real,False,fake,True
modelscope_185.mp4,/home/umflint.edu/mufarooq/Umar_local_data/GenVideo/video/fake/ModelScope/modelscope_185.mp4,fake,0.243,real,False,real,False,real,False
modelscope_186.mp4,/home/umflint.edu/mufarooq/Umar_local_data/GenVideo/video/fake/ModelScope/modelscope_186.mp4,fake,1.418,real,False,fake,True,fake,True
modelscope_187.mp4,/home/umflint.edu/mufarooq/Umar_local_data/GenVideo/video/fake/ModelScope/modelscope_187.mp4,fake,0.2093,real,False,real,False,real,False
modelscope_188.mp4,/home/umflint.edu/mufarooq/Umar_local_data/GenVideo/video/fake/ModelScope/modelscope_188.mp4,fake,0.3475,real,False,real,False,real,False
modelscope_189.mp4,/home/umflint.edu/mufarooq/Umar_local_data/GenVideo/video/fake/ModelScope/modelscope_189.mp4,fake,0.2155,real,False,real,False,real,False
hotshot_1.mp4,/home/umflint.edu/mufarooq/Umar_local_data/GenVideo/video/fake/HotShot/hotshot_1.mp4,fake,0.6205,real,False,real,False,real,False
hotshot_10.mp4,/home/umflint.edu/mufarooq/Umar_local_data/GenVideo/video/fake/HotShot/hotshot_10.mp4,fake,0.4012,real,False,real,False,real,False
hotshot_100.mp4,/home/umflint.edu/mufarooq/Umar_local_data/GenVideo/video/fake/HotShot/hotshot_100.mp4,fake,0.2202,real,False,real,False,real,False
hotshot_101.mp4,/home/umflint.edu/mufarooq/Umar_local_data/GenVideo/video/fake/HotShot/hotshot_101.mp4,fake,0.1542,real,False,real,False,real,False
hotshot_102.mp4,/home/umflint.edu/mufarooq/Umar_local_data/GenVideo/video/fake/HotShot/hotshot_102.mp4,fake,0.1357,real,False,real,False,real,False
hotshot_103.mp4,/home/umflint.edu/mufarooq/Umar_local_data/GenVideo/video/fake/HotShot/hotshot_103.mp4,fake,1.1074,real,False,real,False,fake,True
hotshot_104.mp4,/home/umflint.edu/mufarooq/Umar_local_data/GenVideo/video/fake/HotShot/hotshot_104.mp4,fake,0.738,real,False,real,False,real,False
hotshot_105.mp4,/home/umflint.edu/mufarooq/Umar_local_data/GenVideo/video/fake/HotShot/hotshot_105.mp4,fake,0.7615,real,False,real,False,real,False
hotshot_106.mp4,/home/umflint.edu/mufarooq/Umar_local_data/GenVideo/video/fake/HotShot/hotshot_106.mp4,fake,1.2327,real,False,fake,True,fake,True
hotshot_107.mp4,/home/umflint.edu/mufarooq/Umar_local_data/GenVideo/video/fake/HotShot/hotshot_107.mp4,fake,0.1165,real,False,real,False,real,False
hotshot_108.mp4,/home/umflint.edu/mufarooq/Umar_local_data/GenVideo/video/fake/HotShot/hotshot_108.mp4,fake,0.2587,real,False,real,False,real,False
hotshot_109.mp4,/home/umflint.edu/mufarooq/Umar_local_data/GenVideo/video/fake/HotShot/hotshot_109.mp4,fake,0.2654,real,False,real,False,real,False
hotshot_11.mp4,/home/umflint.edu/mufarooq/Umar_local_data/GenVideo/video/fake/HotShot/hotshot_11.mp4,fake,0.7669,real,False,real,False,real,False
hotshot_110.mp4,/home/umflint.edu/mufarooq/Umar_local_data/GenVideo/video/fake/HotShot/hotshot_110.mp4,fake,0.2624,real,False,real,False,real,False
hotshot_111.mp4,/home/umflint.edu/mufarooq/Umar_local_data/GenVideo/video/fake/HotShot/hotshot_111.mp4,fake,1.1223,real,False,real,False,fake,True
hotshot_112.mp4,/home/umflint.edu/mufarooq/Umar_local_data/GenVideo/video/fake/HotShot/hotshot_112.mp4,fake,0.9581,real,False,real,False,fake,True
hotshot_113.mp4,/home/umflint.edu/mufarooq/Umar_local_data/GenVideo/video/fake/HotShot/hotshot_113.mp4,fake,0.4304,real,False,real,False,real,False
hotshot_114.mp4,/home/umflint.edu/mufarooq/Umar_local_data/GenVideo/video/fake/HotShot/hotshot_114.mp4,fake,0.1657,real,False,real,False,real,False
hotshot_115.mp4,/home/umflint.edu/mufarooq/Umar_local_data/GenVideo/video/fake/HotShot/hotshot_115.mp4,fake,1.5496,fake,True,fake,True,fake,True
hotshot_116.mp4,/home/umflint.edu/mufarooq/Umar_local_data/GenVideo/video/fake/HotShot/hotshot_116.mp4,fake,0.1368,real,False,real,False,real,False
hotshot_117.mp4,/home/umflint.edu/mufarooq/Umar_local_data/GenVideo/video/fake/HotShot/hotshot_117.mp4,fake,0.8788,real,False,real,False,fake,True
hotshot_118.mp4,/home/umflint.edu/mufarooq/Umar_local_data/GenVideo/video/fake/HotShot/hotshot_118.mp4,fake,0.3301,real,False,real,False,real,False
hotshot_119.mp4,/home/umflint.edu/mufarooq/Umar_local_data/GenVideo/video/fake/HotShot/hotshot_119.mp4,fake,0.1901,real,False,real,False,real,False
hotshot_12.mp4,/home/umflint.edu/mufarooq/Umar_local_data/GenVideo/video/fake/HotShot/hotshot_12.mp4,fake,0.1979,real,False,real,False,real,False
hotshot_120.mp4,/home/umflint.edu/mufarooq/Umar_local_data/GenVideo/video/fake/HotShot/hotshot_120.mp4,fake,0.7231,real,False,real,False,real,False
hotshot_121.mp4,/home/umflint.edu/mufarooq/Umar_local_data/GenVideo/video/fake/HotShot/hotshot_121.mp4,fake,0.2922,real,False,real,False,real,False
hotshot_122.mp4,/home/umflint.edu/mufarooq/Umar_local_data/GenVideo/video/fake/HotShot/hotshot_122.mp4,fake,1.1394,real,False,fake,True,fake,True
hotshot_123.mp4,/home/umflint.edu/mufarooq/Umar_local_data/GenVideo/video/fake/HotShot/hotshot_123.mp4,fake,0.5573,real,False,real,False,real,False
hotshot_124.mp4,/home/umflint.edu/mufarooq/Umar_local_data/GenVideo/video/fake/HotShot/hotshot_124.mp4,fake,0.0892,real,False,real,False,real,False
hotshot_125.mp4,/home/umflint.edu/mufarooq/Umar_local_data/GenVideo/video/fake/HotShot/hotshot_125.mp4,fake,1.4258,real,False,fake,True,fake,True
hotshot_126.mp4,/home/umflint.edu/mufarooq/Umar_local_data/GenVideo/video/fake/HotShot/hotshot_126.mp4,fake,1.3735,real,False,fake,True,fake,True
hotshot_127.mp4,/home/umflint.edu/mufarooq/Umar_local_data/GenVideo/video/fake/HotShot/hotshot_127.mp4,fake,0.5779,real,False,real,False,real,False
hotshot_128.mp4,/home/umflint.edu/mufarooq/Umar_local_data/GenVideo/video/fake/HotShot/hotshot_128.mp4,fake,0.9128,real,False,real,False,fake,True
hotshot_129.mp4,/home/umflint.edu/mufarooq/Umar_local_data/GenVideo/video/fake/HotShot/hotshot_129.mp4,fake,0.2081,real,False,real,False,real,False
hotshot_13.mp4,/home/umflint.edu/mufarooq/Umar_local_data/GenVideo/video/fake/HotShot/hotshot_13.mp4,fake,0.2256,real,False,real,False,real,False
hotshot_130.mp4,/home/umflint.edu/mufarooq/Umar_local_data/GenVideo/video/fake/HotShot/hotshot_130.mp4,fake,1.3721,real,False,fake,True,fake,True
hotshot_131.mp4,/home/umflint.edu/mufarooq/Umar_local_data/GenVideo/video/fake/HotShot/hotshot_131.mp4,fake,0.1499,real,False,real,False,real,False
hotshot_132.mp4,/home/umflint.edu/mufarooq/Umar_local_data/GenVideo/video/fake/HotShot/hotshot_132.mp4,fake,1.1904,real,False,fake,True,fake,True
hotshot_133.mp4,/home/umflint.edu/mufarooq/Umar_local_data/GenVideo/video/fake/HotShot/hotshot_133.mp4,fake,0.2358,real,False,real,False,real,False
hotshot_134.mp4,/home/umflint.edu/mufarooq/Umar_local_data/GenVideo/video/fake/HotShot/hotshot_134.mp4,fake,1.53,fake,True,fake,True,fake,True
hotshot_135.mp4,/home/umflint.edu/mufarooq/Umar_local_data/GenVideo/video/fake/HotShot/hotshot_135.mp4,fake,1.332,real,False,fake,True,fake,True
hotshot_136.mp4,/home/umflint.edu/mufarooq/Umar_local_data/GenVideo/video/fake/HotShot/hotshot_136.mp4,fake,0.9051,real,False,real,False,fake,True
hotshot_137.mp4,/home/umflint.edu/mufarooq/Umar_local_data/GenVideo/video/fake/HotShot/hotshot_137.mp4,fake,1.184,real,False,fake,True,fake,True
hotshot_138.mp4,/home/umflint.edu/mufarooq/Umar_local_data/GenVideo/video/fake/HotShot/hotshot_138.mp4,fake,1.3244,real,False,fake,True,fake,True
hotshot_139.mp4,/home/umflint.edu/mufarooq/Umar_local_data/GenVideo/video/fake/HotShot/hotshot_139.mp4,fake,1.5672,fake,True,fake,True,fake,True
hotshot_14.mp4,/home/umflint.edu/mufarooq/Umar_local_data/GenVideo/video/fake/HotShot/hotshot_14.mp4,fake,0.3335,real,False,real,False,real,False
hotshot_140.mp4,/home/umflint.edu/mufarooq/Umar_local_data/GenVideo/video/fake/HotShot/hotshot_140.mp4,fake,0.6278,real,False,real,False,real,False
hotshot_141.mp4,/home/umflint.edu/mufarooq/Umar_local_data/GenVideo/video/fake/HotShot/hotshot_141.mp4,fake,0.3132,real,False,real,False,real,False
hotshot_142.mp4,/home/umflint.edu/mufarooq/Umar_local_data/GenVideo/video/fake/HotShot/hotshot_142.mp4,fake,1.574,fake,True,fake,True,fake,True
hotshot_143.mp4,/home/umflint.edu/mufarooq/Umar_local_data/GenVideo/video/fake/HotShot/hotshot_143.mp4,fake,1.0605,real,False,real,False,fake,True
hotshot_144.mp4,/home/umflint.edu/mufarooq/Umar_local_data/GenVideo/video/fake/HotShot/hotshot_144.mp4,fake,0.6907,real,False,real,False,real,False
hotshot_145.mp4,/home/umflint.edu/mufarooq/Umar_local_data/GenVideo/video/fake/HotShot/hotshot_145.mp4,fake,0.1849,real,False,real,False,real,False
hotshot_146.mp4,/home/umflint.edu/mufarooq/Umar_local_data/GenVideo/video/fake/HotShot/hotshot_146.mp4,fake,0.5226,real,False,real,False,real,False
hotshot_147.mp4,/home/umflint.edu/mufarooq/Umar_local_data/GenVideo/video/fake/HotShot/hotshot_147.mp4,fake,0.9311,real,False,real,False,fake,True
hotshot_148.mp4,/home/umflint.edu/mufarooq/Umar_local_data/GenVideo/video/fake/HotShot/hotshot_148.mp4,fake,0.2509,real,False,real,False,real,False
hotshot_149.mp4,/home/umflint.edu/mufarooq/Umar_local_data/GenVideo/video/fake/HotShot/hotshot_149.mp4,fake,1.2355,real,False,fake,True,fake,True
hotshot_15.mp4,/home/umflint.edu/mufarooq/Umar_local_data/GenVideo/video/fake/HotShot/hotshot_15.mp4,fake,0.1529,real,False,real,False,real,False
hotshot_150.mp4,/home/umflint.edu/mufarooq/Umar_local_data/GenVideo/video/fake/HotShot/hotshot_150.mp4,fake,0.6358,real,False,real,False,real,False
hotshot_151.mp4,/home/umflint.edu/mufarooq/Umar_local_data/GenVideo/video/fake/HotShot/hotshot_151.mp4,fake,0.915,real,False,real,False,fake,True
hotshot_152.mp4,/home/umflint.edu/mufarooq/Umar_local_data/GenVideo/video/fake/HotShot/hotshot_152.mp4,fake,0.6655,real,False,real,False,real,False
hotshot_153.mp4,/home/umflint.edu/mufarooq/Umar_local_data/GenVideo/video/fake/HotShot/hotshot_153.mp4,fake,1.0527,real,False,real,False,fake,True
hotshot_154.mp4,/home/umflint.edu/mufarooq/Umar_local_data/GenVideo/video/fake/HotShot/hotshot_154.mp4,fake,1.1748,real,False,fake,True,fake,True
hotshot_155.mp4,/home/umflint.edu/mufarooq/Umar_local_data/GenVideo/video/fake/HotShot/hotshot_155.mp4,fake,0.7744,real,False,real,False,real,False
hotshot_156.mp4,/home/umflint.edu/mufarooq/Umar_local_data/GenVideo/video/fake/HotShot/hotshot_156.mp4,fake,0.3831,real,False,real,False,real,False
hotshot_157.mp4,/home/umflint.edu/mufarooq/Umar_local_data/GenVideo/video/fake/HotShot/hotshot_157.mp4,fake,0.3868,real,False,real,False,real,False
hotshot_158.mp4,/home/umflint.edu/mufarooq/Umar_local_data/GenVideo/video/fake/HotShot/hotshot_158.mp4,fake,1.5431,fake,True,fake,True,fake,True
hotshot_159.mp4,/home/umflint.edu/mufarooq/Umar_local_data/GenVideo/video/fake/HotShot/hotshot_159.mp4,fake,0.3554,real,False,real,False,real,False
hotshot_16.mp4,/home/umflint.edu/mufarooq/Umar_local_data/GenVideo/video/fake/HotShot/hotshot_16.mp4,fake,0.4178,real,False,real,False,real,False
hotshot_160.mp4,/home/umflint.edu/mufarooq/Umar_local_data/GenVideo/video/fake/HotShot/hotshot_160.mp4,fake,0.7863,real,False,real,False,real,False
hotshot_161.mp4,/home/umflint.edu/mufarooq/Umar_local_data/GenVideo/video/fake/HotShot/hotshot_161.mp4,fake,0.203,real,False,real,False,real,False
hotshot_162.mp4,/home/umflint.edu/mufarooq/Umar_local_data/GenVideo/video/fake/HotShot/hotshot_162.mp4,fake,0.7481,real,False,real,False,real,False
hotshot_163.mp4,/home/umflint.edu/mufarooq/Umar_local_data/GenVideo/video/fake/HotShot/hotshot_163.mp4,fake,1.0657,real,False,real,False,fake,True
hotshot_164.mp4,/home/umflint.edu/mufarooq/Umar_local_data/GenVideo/video/fake/HotShot/hotshot_164.mp4,fake,0.2059,real,False,real,False,real,False
hotshot_165.mp4,/home/umflint.edu/mufarooq/Umar_local_data/GenVideo/video/fake/HotShot/hotshot_165.mp4,fake,1.1099,real,False,real,False,fake,True
hotshot_166.mp4,/home/umflint.edu/mufarooq/Umar_local_data/GenVideo/video/fake/HotShot/hotshot_166.mp4,fake,0.1007,real,False,real,False,real,False
hotshot_167.mp4,/home/umflint.edu/mufarooq/Umar_local_data/GenVideo/video/fake/HotShot/hotshot_167.mp4,fake,0.5002,real,False,real,False,real,False
hotshot_168.mp4,/home/umflint.edu/mufarooq/Umar_local_data/GenVideo/video/fake/HotShot/hotshot_168.mp4,fake,0.6861,real,False,real,False,real,False
hotshot_169.mp4,/home/umflint.edu/mufarooq/Umar_local_data/GenVideo/video/fake/HotShot/hotshot_169.mp4,fake,0.7654,real,False,real,False,real,False
hotshot_17.mp4,/home/umflint.edu/mufarooq/Umar_local_data/GenVideo/video/fake/HotShot/hotshot_17.mp4,fake,0.6171,real,False,real,False,real,False
hotshot_170.mp4,/home/umflint.edu/mufarooq/Umar_local_data/GenVideo/video/fake/HotShot/hotshot_170.mp4,fake,0.6484,real,False,real,False,real,False
hotshot_171.mp4,/home/umflint.edu/mufarooq/Umar_local_data/GenVideo/video/fake/HotShot/hotshot_171.mp4,fake,1.1624,real,False,fake,True,fake,True
hotshot_172.mp4,/home/umflint.edu/mufarooq/Umar_local_data/GenVideo/video/fake/HotShot/hotshot_172.mp4,fake,0.2545,real,False,real,False,real,False
hotshot_173.mp4,/home/umflint.edu/mufarooq/Umar_local_data/GenVideo/video/fake/HotShot/hotshot_173.mp4,fake,0.7718,real,False,real,False,real,False
hotshot_174.mp4,/home/umflint.edu/mufarooq/Umar_local_data/GenVideo/video/fake/HotShot/hotshot_174.mp4,fake,0.8224,real,False,real,False,real,False
hotshot_175.mp4,/home/umflint.edu/mufarooq/Umar_local_data/GenVideo/video/fake/HotShot/hotshot_175.mp4,fake,0.1789,real,False,real,False,real,False
hotshot_176.mp4,/home/umflint.edu/mufarooq/Umar_local_data/GenVideo/video/fake/HotShot/hotshot_176.mp4,fake,0.2326,real,False,real,False,real,False
hotshot_177.mp4,/home/umflint.edu/mufarooq/Umar_local_data/GenVideo/video/fake/HotShot/hotshot_177.mp4,fake,0.3922,real,False,real,False,real,False
hotshot_178.mp4,/home/umflint.edu/mufarooq/Umar_local_data/GenVideo/video/fake/HotShot/hotshot_178.mp4,fake,0.6962,real,False,real,False,real,False
hotshot_179.mp4,/home/umflint.edu/mufarooq/Umar_local_data/GenVideo/video/fake/HotShot/hotshot_179.mp4,fake,0.412,real,False,real,False,real,False
hotshot_18.mp4,/home/umflint.edu/mufarooq/Umar_local_data/GenVideo/video/fake/HotShot/hotshot_18.mp4,fake,1.5666,fake,True,fake,True,fake,True
hotshot_180.mp4,/home/umflint.edu/mufarooq/Umar_local_data/GenVideo/video/fake/HotShot/hotshot_180.mp4,fake,0.2055,real,False,real,False,real,False
hotshot_181.mp4,/home/umflint.edu/mufarooq/Umar_local_data/GenVideo/video/fake/HotShot/hotshot_181.mp4,fake,1.5741,fake,True,fake,True,fake,True
hotshot_182.mp4,/home/umflint.edu/mufarooq/Umar_local_data/GenVideo/video/fake/HotShot/hotshot_182.mp4,fake,1.551,fake,True,fake,True,fake,True
hotshot_183.mp4,/home/umflint.edu/mufarooq/Umar_local_data/GenVideo/video/fake/HotShot/hotshot_183.mp4,fake,0.163,real,False,real,False,real,False
hotshot_184.mp4,/home/umflint.edu/mufarooq/Umar_local_data/GenVideo/video/fake/HotShot/hotshot_184.mp4,fake,1.5315,fake,True,fake,True,fake,True
hotshot_185.mp4,/home/umflint.edu/mufarooq/Umar_local_data/GenVideo/video/fake/HotShot/hotshot_185.mp4,fake,1.5402,fake,True,fake,True,fake,True
hotshot_186.mp4,/home/umflint.edu/mufarooq/Umar_local_data/GenVideo/video/fake/HotShot/hotshot_186.mp4,fake,1.2384,real,False,fake,True,fake,True
hotshot_187.mp4,/home/umflint.edu/mufarooq/Umar_local_data/GenVideo/video/fake/HotShot/hotshot_187.mp4,fake,1.5363,fake,True,fake,True,fake,True
hotshot_188.mp4,/home/umflint.edu/mufarooq/Umar_local_data/GenVideo/video/fake/HotShot/hotshot_188.mp4,fake,0.5885,real,False,real,False,real,False
hotshot_189.mp4,/home/umflint.edu/mufarooq/Umar_local_data/GenVideo/video/fake/HotShot/hotshot_189.mp4,fake,0.599,real,False,real,False,real,False
gen2_1.mp4,/home/umflint.edu/mufarooq/Umar_local_data/GenVideo/video/fake/Gen2/gen2_1.mp4,fake,1.1692,real,False,fake,True,fake,True
gen2_10.mp4,/home/umflint.edu/mufarooq/Umar_local_data/GenVideo/video/fake/Gen2/gen2_10.mp4,fake,0.1555,real,False,real,False,real,False
gen2_100.mp4,/home/umflint.edu/mufarooq/Umar_local_data/GenVideo/video/fake/Gen2/gen2_100.mp4,fake,0.1492,real,False,real,False,real,False
gen2_1000.mp4,/home/umflint.edu/mufarooq/Umar_local_data/GenVideo/video/fake/Gen2/gen2_1000.mp4,fake,0.9819,real,False,real,False,fake,True
gen2_1001.mp4,/home/umflint.edu/mufarooq/Umar_local_data/GenVideo/video/fake/Gen2/gen2_1001.mp4,fake,0.4736,real,False,real,False,real,False
gen2_1002.mp4,/home/umflint.edu/mufarooq/Umar_local_data/GenVideo/video/fake/Gen2/gen2_1002.mp4,fake,0.2398,real,False,real,False,real,False
gen2_1003.mp4,/home/umflint.edu/mufarooq/Umar_local_data/GenVideo/video/fake/Gen2/gen2_1003.mp4,fake,1.5663,fake,True,fake,True,fake,True
gen2_1004.mp4,/home/umflint.edu/mufarooq/Umar_local_data/GenVideo/video/fake/Gen2/gen2_1004.mp4,fake,0.8075,real,False,real,False,real,False
gen2_1005.mp4,/home/umflint.edu/mufarooq/Umar_local_data/GenVideo/video/fake/Gen2/gen2_1005.mp4,fake,0.4093,real,False,real,False,real,False
gen2_1006.mp4,/home/umflint.edu/mufarooq/Umar_local_data/GenVideo/video/fake/Gen2/gen2_1006.mp4,fake,0.4432,real,False,real,False,real,False
gen2_1007.mp4,/home/umflint.edu/mufarooq/Umar_local_data/GenVideo/video/fake/Gen2/gen2_1007.mp4,fake,0.2134,real,False,real,False,real,False
gen2_1008.mp4,/home/umflint.edu/mufarooq/Umar_local_data/GenVideo/video/fake/Gen2/gen2_1008.mp4,fake,0.6822,real,False,real,False,real,False
gen2_1009.mp4,/home/umflint.edu/mufarooq/Umar_local_data/GenVideo/video/fake/Gen2/gen2_1009.mp4,fake,0.1574,real,False,real,False,real,False
gen2_101.mp4,/home/umflint.edu/mufarooq/Umar_local_data/GenVideo/video/fake/Gen2/gen2_101.mp4,fake,0.1702,real,False,real,False,real,False
gen2_1010.mp4,/home/umflint.edu/mufarooq/Umar_local_data/GenVideo/video/fake/Gen2/gen2_1010.mp4,fake,1.1711,real,False,fake,True,fake,True
gen2_1011.mp4,/home/umflint.edu/mufarooq/Umar_local_data/GenVideo/video/fake/Gen2/gen2_1011.mp4,fake,0.324,real,False,real,False,real,False
gen2_1012.mp4,/home/umflint.edu/mufarooq/Umar_local_data/GenVideo/video/fake/Gen2/gen2_1012.mp4,fake,0.1992,real,False,real,False,real,False
gen2_1013.mp4,/home/umflint.edu/mufarooq/Umar_local_data/GenVideo/video/fake/Gen2/gen2_1013.mp4,fake,0.443,real,False,real,False,real,False
gen2_1014.mp4,/home/umflint.edu/mufarooq/Umar_local_data/GenVideo/video/fake/Gen2/gen2_1014.mp4,fake,1.0644,real,False,real,False,fake,True
gen2_1015.mp4,/home/umflint.edu/mufarooq/Umar_local_data/GenVideo/video/fake/Gen2/gen2_1015.mp4,fake,0.1692,real,False,real,False,real,False
gen2_1016.mp4,/home/umflint.edu/mufarooq/Umar_local_data/GenVideo/video/fake/Gen2/gen2_1016.mp4,fake,0.1654,real,False,real,False,real,False
gen2_1017.mp4,/home/umflint.edu/mufarooq/Umar_local_data/GenVideo/video/fake/Gen2/gen2_1017.mp4,fake,0.5928,real,False,real,False,real,False
gen2_1018.mp4,/home/umflint.edu/mufarooq/Umar_local_data/GenVideo/video/fake/Gen2/gen2_1018.mp4,fake,0.4038,real,False,real,False,real,False
gen2_1019.mp4,/home/umflint.edu/mufarooq/Umar_local_data/GenVideo/video/fake/Gen2/gen2_1019.mp4,fake,1.4285,real,False,fake,True,fake,True
gen2_102.mp4,/home/umflint.edu/mufarooq/Umar_local_data/GenVideo/video/fake/Gen2/gen2_102.mp4,fake,1.572,fake,True,fake,True,fake,True
gen2_1020.mp4,/home/umflint.edu/mufarooq/Umar_local_data/GenVideo/video/fake/Gen2/gen2_1020.mp4,fake,0.1992,real,False,real,False,real,False
gen2_1021.mp4,/home/umflint.edu/mufarooq/Umar_local_data/GenVideo/video/fake/Gen2/gen2_1021.mp4,fake,0.1632,real,False,real,False,real,False
gen2_1022.mp4,/home/umflint.edu/mufarooq/Umar_local_data/GenVideo/video/fake/Gen2/gen2_1022.mp4,fake,1.4845,fake,True,fake,True,fake,True
gen2_1023.mp4,/home/umflint.edu/mufarooq/Umar_local_data/GenVideo/video/fake/Gen2/gen2_1023.mp4,fake,0.1799,real,False,real,False,real,False
gen2_1024.mp4,/home/umflint.edu/mufarooq/Umar_local_data/GenVideo/video/fake/Gen2/gen2_1024.mp4,fake,0.471,real,False,real,False,real,False
gen2_1025.mp4,/home/umflint.edu/mufarooq/Umar_local_data/GenVideo/video/fake/Gen2/gen2_1025.mp4,fake,0.4502,real,False,real,False,real,False
gen2_1026.mp4,/home/umflint.edu/mufarooq/Umar_local_data/GenVideo/video/fake/Gen2/gen2_1026.mp4,fake,0.4211,real,False,real,False,real,False
gen2_1027.mp4,/home/umflint.edu/mufarooq/Umar_local_data/GenVideo/video/fake/Gen2/gen2_1027.mp4,fake,1.0584,real,False,real,False,fake,True
gen2_1028.mp4,/home/umflint.edu/mufarooq/Umar_local_data/GenVideo/video/fake/Gen2/gen2_1028.mp4,fake,0.2472,real,False,real,False,real,False
gen2_1029.mp4,/home/umflint.edu/mufarooq/Umar_local_data/GenVideo/video/fake/Gen2/gen2_1029.mp4,fake,0.5926,real,False,real,False,real,False
gen2_103.mp4,/home/umflint.edu/mufarooq/Umar_local_data/GenVideo/video/fake/Gen2/gen2_103.mp4,fake,0.9994,real,False,real,False,fake,True
gen2_1030.mp4,/home/umflint.edu/mufarooq/Umar_local_data/GenVideo/video/fake/Gen2/gen2_1030.mp4,fake,0.1548,real,False,real,False,real,False
gen2_1031.mp4,/home/umflint.edu/mufarooq/Umar_local_data/GenVideo/video/fake/Gen2/gen2_1031.mp4,fake,0.1619,real,False,real,False,real,False
gen2_1032.mp4,/home/umflint.edu/mufarooq/Umar_local_data/GenVideo/video/fake/Gen2/gen2_1032.mp4,fake,0.1678,real,False,real,False,real,False
gen2_1033.mp4,/home/umflint.edu/mufarooq/Umar_local_data/GenVideo/video/fake/Gen2/gen2_1033.mp4,fake,0.3193,real,False,real,False,real,False
gen2_1034.mp4,/home/umflint.edu/mufarooq/Umar_local_data/GenVideo/video/fake/Gen2/gen2_1034.mp4,fake,0.1788,real,False,real,False,real,False
gen2_1035.mp4,/home/umflint.edu/mufarooq/Umar_local_data/GenVideo/video/fake/Gen2/gen2_1035.mp4,fake,0.183,real,False,real,False,real,False
gen2_1036.mp4,/home/umflint.edu/mufarooq/Umar_local_data/GenVideo/video/fake/Gen2/gen2_1036.mp4,fake,1.3735,real,False,fake,True,fake,True
gen2_1037.mp4,/home/umflint.edu/mufarooq/Umar_local_data/GenVideo/video/fake/Gen2/gen2_1037.mp4,fake,0.17,real,False,real,False,real,False
gen2_1038.mp4,/home/umflint.edu/mufarooq/Umar_local_data/GenVideo/video/fake/Gen2/gen2_1038.mp4,fake,0.2059,real,False,real,False,real,False
gen2_1039.mp4,/home/umflint.edu/mufarooq/Umar_local_data/GenVideo/video/fake/Gen2/gen2_1039.mp4,fake,0.4065,real,False,real,False,real,False
gen2_104.mp4,/home/umflint.edu/mufarooq/Umar_local_data/GenVideo/video/fake/Gen2/gen2_104.mp4,fake,0.1463,real,False,real,False,real,False
gen2_1040.mp4,/home/umflint.edu/mufarooq/Umar_local_data/GenVideo/video/fake/Gen2/gen2_1040.mp4,fake,0.1628,real,False,real,False,real,False
gen2_1041.mp4,/home/umflint.edu/mufarooq/Umar_local_data/GenVideo/video/fake/Gen2/gen2_1041.mp4,fake,0.8421,real,False,real,False,real,False
gen2_1042.mp4,/home/umflint.edu/mufarooq/Umar_local_data/GenVideo/video/fake/Gen2/gen2_1042.mp4,fake,0.3835,real,False,real,False,real,False
gen2_1043.mp4,/home/umflint.edu/mufarooq/Umar_local_data/GenVideo/video/fake/Gen2/gen2_1043.mp4,fake,0.3962,real,False,real,False,real,False
gen2_1044.mp4,/home/umflint.edu/mufarooq/Umar_local_data/GenVideo/video/fake/Gen2/gen2_1044.mp4,fake,0.3794,real,False,real,False,real,False
gen2_1045.mp4,/home/umflint.edu/mufarooq/Umar_local_data/GenVideo/video/fake/Gen2/gen2_1045.mp4,fake,0.2974,real,False,real,False,real,False
gen2_1046.mp4,/home/umflint.edu/mufarooq/Umar_local_data/GenVideo/video/fake/Gen2/gen2_1046.mp4,fake,0.2912,real,False,real,False,real,False
gen2_1047.mp4,/home/umflint.edu/mufarooq/Umar_local_data/GenVideo/video/fake/Gen2/gen2_1047.mp4,fake,0.8264,real,False,real,False,real,False
gen2_1048.mp4,/home/umflint.edu/mufarooq/Umar_local_data/GenVideo/video/fake/Gen2/gen2_1048.mp4,fake,0.5121,real,False,real,False,real,False
gen2_1049.mp4,/home/umflint.edu/mufarooq/Umar_local_data/GenVideo/video/fake/Gen2/gen2_1049.mp4,fake,0.3369,real,False,real,False,real,False
gen2_105.mp4,/home/umflint.edu/mufarooq/Umar_local_data/GenVideo/video/fake/Gen2/gen2_105.mp4,fake,1.5225,fake,True,fake,True,fake,True
gen2_1050.mp4,/home/umflint.edu/mufarooq/Umar_local_data/GenVideo/video/fake/Gen2/gen2_1050.mp4,fake,0.3959,real,False,real,False,real,False
gen2_1051.mp4,/home/umflint.edu/mufarooq/Umar_local_data/GenVideo/video/fake/Gen2/gen2_1051.mp4,fake,0.407,real,False,real,False,real,False
gen2_1052.mp4,/home/umflint.edu/mufarooq/Umar_local_data/GenVideo/video/fake/Gen2/gen2_1052.mp4,fake,0.1959,real,False,real,False,real,False
gen2_1053.mp4,/home/umflint.edu/mufarooq/Umar_local_data/GenVideo/video/fake/Gen2/gen2_1053.mp4,fake,0.3773,real,False,real,False,real,False
gen2_1054.mp4,/home/umflint.edu/mufarooq/Umar_local_data/GenVideo/video/fake/Gen2/gen2_1054.mp4,fake,0.0965,real,False,real,False,real,False
gen2_1055.mp4,/home/umflint.edu/mufarooq/Umar_local_data/GenVideo/video/fake/Gen2/gen2_1055.mp4,fake,0.6468,real,False,real,False,real,False
gen2_1056.mp4,/home/umflint.edu/mufarooq/Umar_local_data/GenVideo/video/fake/Gen2/gen2_1056.mp4,fake,0.6895,real,False,real,False,real,False
gen2_1057.mp4,/home/umflint.edu/mufarooq/Umar_local_data/GenVideo/video/fake/Gen2/gen2_1057.mp4,fake,1.4821,fake,True,fake,True,fake,True
gen2_1058.mp4,/home/umflint.edu/mufarooq/Umar_local_data/GenVideo/video/fake/Gen2/gen2_1058.mp4,fake,0.3188,real,False,real,False,real,False
gen2_1059.mp4,/home/umflint.edu/mufarooq/Umar_local_data/GenVideo/video/fake/Gen2/gen2_1059.mp4,fake,1.3855,real,False,fake,True,fake,True
gen2_106.mp4,/home/umflint.edu/mufarooq/Umar_local_data/GenVideo/video/fake/Gen2/gen2_106.mp4,fake,0.2306,real,False,real,False,real,False
gen2_1060.mp4,/home/umflint.edu/mufarooq/Umar_local_data/GenVideo/video/fake/Gen2/gen2_1060.mp4,fake,1.4423,fake,True,fake,True,fake,True
gen2_1061.mp4,/home/umflint.edu/mufarooq/Umar_local_data/GenVideo/video/fake/Gen2/gen2_1061.mp4,fake,0.1904,real,False,real,False,real,False
gen2_1062.mp4,/home/umflint.edu/mufarooq/Umar_local_data/GenVideo/video/fake/Gen2/gen2_1062.mp4,fake,0.4647,real,False,real,False,real,False
gen2_1063.mp4,/home/umflint.edu/mufarooq/Umar_local_data/GenVideo/video/fake/Gen2/gen2_1063.mp4,fake,1.5314,fake,True,fake,True,fake,True
gen2_1064.mp4,/home/umflint.edu/mufarooq/Umar_local_data/GenVideo/video/fake/Gen2/gen2_1064.mp4,fake,1.2887,real,False,fake,True,fake,True
gen2_1065.mp4,/home/umflint.edu/mufarooq/Umar_local_data/GenVideo/video/fake/Gen2/gen2_1065.mp4,fake,1.5302,fake,True,fake,True,fake,True
gen2_1066.mp4,/home/umflint.edu/mufarooq/Umar_local_data/GenVideo/video/fake/Gen2/gen2_1066.mp4,fake,0.6424,real,False,real,False,real,False
gen2_1067.mp4,/home/umflint.edu/mufarooq/Umar_local_data/GenVideo/video/fake/Gen2/gen2_1067.mp4,fake,0.2002,real,False,real,False,real,False
gen2_1068.mp4,/home/umflint.edu/mufarooq/Umar_local_data/GenVideo/video/fake/Gen2/gen2_1068.mp4,fake,0.4929,real,False,real,False,real,False
gen2_1069.mp4,/home/umflint.edu/mufarooq/Umar_local_data/GenVideo/video/fake/Gen2/gen2_1069.mp4,fake,0.1549,real,False,real,False,real,False
gen2_107.mp4,/home/umflint.edu/mufarooq/Umar_local_data/GenVideo/video/fake/Gen2/gen2_107.mp4,fake,1.1266,real,False,real,False,fake,True
gen2_1070.mp4,/home/umflint.edu/mufarooq/Umar_local_data/GenVideo/video/fake/Gen2/gen2_1070.mp4,fake,0.1474,real,False,real,False,real,False
gen2_1071.mp4,/home/umflint.edu/mufarooq/Umar_local_data/GenVideo/video/fake/Gen2/gen2_1071.mp4,fake,1.5352,fake,True,fake,True,fake,True
gen2_1072.mp4,/home/umflint.edu/mufarooq/Umar_local_data/GenVideo/video/fake/Gen2/gen2_1072.mp4,fake,0.3266,real,False,real,False,real,False
gen2_1073.mp4,/home/umflint.edu/mufarooq/Umar_local_data/GenVideo/video/fake/Gen2/gen2_1073.mp4,fake,0.1729,real,False,real,False,real,False
gen2_1074.mp4,/home/umflint.edu/mufarooq/Umar_local_data/GenVideo/video/fake/Gen2/gen2_1074.mp4,fake,0.1622,real,False,real,False,real,False
gen2_1075.mp4,/home/umflint.edu/mufarooq/Umar_local_data/GenVideo/video/fake/Gen2/gen2_1075.mp4,fake,1.4096,real,False,fake,True,fake,True
gen2_1076.mp4,/home/umflint.edu/mufarooq/Umar_local_data/GenVideo/video/fake/Gen2/gen2_1076.mp4,fake,0.1622,real,False,real,False,real,False
gen2_1077.mp4,/home/umflint.edu/mufarooq/Umar_local_data/GenVideo/video/fake/Gen2/gen2_1077.mp4,fake,0.467,real,False,real,False,real,False
gen2_1078.mp4,/home/umflint.edu/mufarooq/Umar_local_data/GenVideo/video/fake/Gen2/gen2_1078.mp4,fake,0.1605,real,False,real,False,real,False
gen2_1079.mp4,/home/umflint.edu/mufarooq/Umar_local_data/GenVideo/video/fake/Gen2/gen2_1079.mp4,fake,0.1646,real,False,real,False,real,False
gen2_108.mp4,/home/umflint.edu/mufarooq/Umar_local_data/GenVideo/video/fake/Gen2/gen2_108.mp4,fake,1.4649,fake,True,fake,True,fake,True
gen2_1080.mp4,/home/umflint.edu/mufarooq/Umar_local_data/GenVideo/video/fake/Gen2/gen2_1080.mp4,fake,0.8905,real,False,real,False,fake,True
gen2_1081.mp4,/home/umflint.edu/mufarooq/Umar_local_data/GenVideo/video/fake/Gen2/gen2_1081.mp4,fake,0.9858,real,False,real,False,fake,True
gen2_1082.mp4,/home/umflint.edu/mufarooq/Umar_local_data/GenVideo/video/fake/Gen2/gen2_1082.mp4,fake,1.3552,real,False,fake,True,fake,True
gen2_1083.mp4,/home/umflint.edu/mufarooq/Umar_local_data/GenVideo/video/fake/Gen2/gen2_1083.mp4,fake,0.5969,real,False,real,False,real,False
gen2_1084.mp4,/home/umflint.edu/mufarooq/Umar_local_data/GenVideo/video/fake/Gen2/gen2_1084.mp4,fake,0.2611,real,False,real,False,real,False
gen2_1085.mp4,/home/umflint.edu/mufarooq/Umar_local_data/GenVideo/video/fake/Gen2/gen2_1085.mp4,fake,0.2138,real,False,real,False,real,False
gen2_1086.mp4,/home/umflint.edu/mufarooq/Umar_local_data/GenVideo/video/fake/Gen2/gen2_1086.mp4,fake,0.2492,real,False,real,False,real,False
gen2_1087.mp4,/home/umflint.edu/mufarooq/Umar_local_data/GenVideo/video/fake/Gen2/gen2_1087.mp4,fake,0.3153,real,False,real,False,real,False
gen2_1088.mp4,/home/umflint.edu/mufarooq/Umar_local_data/GenVideo/video/fake/Gen2/gen2_1088.mp4,fake,0.5644,real,False,real,False,real,False
MoonValley_1.mp4,/home/umflint.edu/mufarooq/Umar_local_data/GenVideo/video/fake/MoonValley/MoonValley_1.mp4,fake,1.3566,real,False,fake,True,fake,True
MoonValley_10.mp4,/home/umflint.edu/mufarooq/Umar_local_data/GenVideo/video/fake/MoonValley/MoonValley_10.mp4,fake,1.4338,fake,True,fake,True,fake,True
MoonValley_100.mp4,/home/umflint.edu/mufarooq/Umar_local_data/GenVideo/video/fake/MoonValley/MoonValley_100.mp4,fake,1.5645,fake,True,fake,True,fake,True
MoonValley_101.mp4,/home/umflint.edu/mufarooq/Umar_local_data/GenVideo/video/fake/MoonValley/MoonValley_101.mp4,fake,1.4661,fake,True,fake,True,fake,True
MoonValley_102.mp4,/home/umflint.edu/mufarooq/Umar_local_data/GenVideo/video/fake/MoonValley/MoonValley_102.mp4,fake,1.4416,fake,True,fake,True,fake,True
MoonValley_103.mp4,/home/umflint.edu/mufarooq/Umar_local_data/GenVideo/video/fake/MoonValley/MoonValley_103.mp4,fake,1.1342,real,False,fake,True,fake,True
MoonValley_104.mp4,/home/umflint.edu/mufarooq/Umar_local_data/GenVideo/video/fake/MoonValley/MoonValley_104.mp4,fake,1.5013,fake,True,fake,True,fake,True
MoonValley_105.mp4,/home/umflint.edu/mufarooq/Umar_local_data/GenVideo/video/fake/MoonValley/MoonValley_105.mp4,fake,1.2887,real,False,fake,True,fake,True
MoonValley_106.mp4,/home/umflint.edu/mufarooq/Umar_local_data/GenVideo/video/fake/MoonValley/MoonValley_106.mp4,fake,1.5094,fake,True,fake,True,fake,True
MoonValley_107.mp4,/home/umflint.edu/mufarooq/Umar_local_data/GenVideo/video/fake/MoonValley/MoonValley_107.mp4,fake,1.5746,fake,True,fake,True,fake,True
MoonValley_108.mp4,/home/umflint.edu/mufarooq/Umar_local_data/GenVideo/video/fake/MoonValley/MoonValley_108.mp4,fake,1.5747,fake,True,fake,True,fake,True
MoonValley_109.mp4,/home/umflint.edu/mufarooq/Umar_local_data/GenVideo/video/fake/MoonValley/MoonValley_109.mp4,fake,1.5725,fake,True,fake,True,fake,True
MoonValley_11.mp4,/home/umflint.edu/mufarooq/Umar_local_data/GenVideo/video/fake/MoonValley/MoonValley_11.mp4,fake,1.5735,fake,True,fake,True,fake,True
MoonValley_110.mp4,/home/umflint.edu/mufarooq/Umar_local_data/GenVideo/video/fake/MoonValley/MoonValley_110.mp4,fake,1.569,fake,True,fake,True,fake,True
MoonValley_111.mp4,/home/umflint.edu/mufarooq/Umar_local_data/GenVideo/video/fake/MoonValley/MoonValley_111.mp4,fake,1.2898,real,False,fake,True,fake,True
MoonValley_112.mp4,/home/umflint.edu/mufarooq/Umar_local_data/GenVideo/video/fake/MoonValley/MoonValley_112.mp4,fake,1.5744,fake,True,fake,True,fake,True
MoonValley_113.mp4,/home/umflint.edu/mufarooq/Umar_local_data/GenVideo/video/fake/MoonValley/MoonValley_113.mp4,fake,1.4908,fake,True,fake,True,fake,True
MoonValley_114.mp4,/home/umflint.edu/mufarooq/Umar_local_data/GenVideo/video/fake/MoonValley/MoonValley_114.mp4,fake,1.4422,fake,True,fake,True,fake,True
MoonValley_115.mp4,/home/umflint.edu/mufarooq/Umar_local_data/GenVideo/video/fake/MoonValley/MoonValley_115.mp4,fake,1.5464,fake,True,fake,True,fake,True
MoonValley_116.mp4,/home/umflint.edu/mufarooq/Umar_local_data/GenVideo/video/fake/MoonValley/MoonValley_116.mp4,fake,1.5659,fake,True,fake,True,fake,True
MoonValley_117.mp4,/home/umflint.edu/mufarooq/Umar_local_data/GenVideo/video/fake/MoonValley/MoonValley_117.mp4,fake,1.5743,fake,True,fake,True,fake,True
MoonValley_118.mp4,/home/umflint.edu/mufarooq/Umar_local_data/GenVideo/video/fake/MoonValley/MoonValley_118.mp4,fake,1.5744,fake,True,fake,True,fake,True
MoonValley_119.mp4,/home/umflint.edu/mufarooq/Umar_local_data/GenVideo/video/fake/MoonValley/MoonValley_119.mp4,fake,1.5355,fake,True,fake,True,fake,True
MoonValley_12.mp4,/home/umflint.edu/mufarooq/Umar_local_data/GenVideo/video/fake/MoonValley/MoonValley_12.mp4,fake,1.4125,real,False,fake,True,fake,True
MoonValley_120.mp4,/home/umflint.edu/mufarooq/Umar_local_data/GenVideo/video/fake/MoonValley/MoonValley_120.mp4,fake,1.5678,fake,True,fake,True,fake,True
MoonValley_121.mp4,/home/umflint.edu/mufarooq/Umar_local_data/GenVideo/video/fake/MoonValley/MoonValley_121.mp4,fake,1.5747,fake,True,fake,True,fake,True
MoonValley_122.mp4,/home/umflint.edu/mufarooq/Umar_local_data/GenVideo/video/fake/MoonValley/MoonValley_122.mp4,fake,1.574,fake,True,fake,True,fake,True
MoonValley_123.mp4,/home/umflint.edu/mufarooq/Umar_local_data/GenVideo/video/fake/MoonValley/MoonValley_123.mp4,fake,1.5591,fake,True,fake,True,fake,True
MoonValley_124.mp4,/home/umflint.edu/mufarooq/Umar_local_data/GenVideo/video/fake/MoonValley/MoonValley_124.mp4,fake,1.2674,real,False,fake,True,fake,True
MoonValley_125.mp4,/home/umflint.edu/mufarooq/Umar_local_data/GenVideo/video/fake/MoonValley/MoonValley_125.mp4,fake,1.2901,real,False,fake,True,fake,True
MoonValley_126.mp4,/home/umflint.edu/mufarooq/Umar_local_data/GenVideo/video/fake/MoonValley/MoonValley_126.mp4,fake,1.5711,fake,True,fake,True,fake,True
MoonValley_127.mp4,/home/umflint.edu/mufarooq/Umar_local_data/GenVideo/video/fake/MoonValley/MoonValley_127.mp4,fake,1.5344,fake,True,fake,True,fake,True
MoonValley_128.mp4,/home/umflint.edu/mufarooq/Umar_local_data/GenVideo/video/fake/MoonValley/MoonValley_128.mp4,fake,1.5704,fake,True,fake,True,fake,True
MoonValley_129.mp4,/home/umflint.edu/mufarooq/Umar_local_data/GenVideo/video/fake/MoonValley/MoonValley_129.mp4,fake,1.5736,fake,True,fake,True,fake,True
MoonValley_13.mp4,/home/umflint.edu/mufarooq/Umar_local_data/GenVideo/video/fake/MoonValley/MoonValley_13.mp4,fake,1.5607,fake,True,fake,True,fake,True
MoonValley_130.mp4,/home/umflint.edu/mufarooq/Umar_local_data/GenVideo/video/fake/MoonValley/MoonValley_130.mp4,fake,0.5213,real,False,real,False,real,False
MoonValley_131.mp4,/home/umflint.edu/mufarooq/Umar_local_data/GenVideo/video/fake/MoonValley/MoonValley_131.mp4,fake,1.313,real,False,fake,True,fake,True
MoonValley_132.mp4,/home/umflint.edu/mufarooq/Umar_local_data/GenVideo/video/fake/MoonValley/MoonValley_132.mp4,fake,1.5747,fake,True,fake,True,fake,True
MoonValley_133.mp4,/home/umflint.edu/mufarooq/Umar_local_data/GenVideo/video/fake/MoonValley/MoonValley_133.mp4,fake,1.5734,fake,True,fake,True,fake,True
MoonValley_134.mp4,/home/umflint.edu/mufarooq/Umar_local_data/GenVideo/video/fake/MoonValley/MoonValley_134.mp4,fake,1.4232,real,False,fake,True,fake,True
MoonValley_135.mp4,/home/umflint.edu/mufarooq/Umar_local_data/GenVideo/video/fake/MoonValley/MoonValley_135.mp4,fake,1.5305,fake,True,fake,True,fake,True
MoonValley_136.mp4,/home/umflint.edu/mufarooq/Umar_local_data/GenVideo/video/fake/MoonValley/MoonValley_136.mp4,fake,1.5674,fake,True,fake,True,fake,True
MoonValley_137.mp4,/home/umflint.edu/mufarooq/Umar_local_data/GenVideo/video/fake/MoonValley/MoonValley_137.mp4,fake,1.5731,fake,True,fake,True,fake,True
MoonValley_138.mp4,/home/umflint.edu/mufarooq/Umar_local_data/GenVideo/video/fake/MoonValley/MoonValley_138.mp4,fake,1.5737,fake,True,fake,True,fake,True
MoonValley_139.mp4,/home/umflint.edu/mufarooq/Umar_local_data/GenVideo/video/fake/MoonValley/MoonValley_139.mp4,fake,1.5747,fake,True,fake,True,fake,True
MoonValley_14.mp4,/home/umflint.edu/mufarooq/Umar_local_data/GenVideo/video/fake/MoonValley/MoonValley_14.mp4,fake,1.5747,fake,True,fake,True,fake,True
MoonValley_140.mp4,/home/umflint.edu/mufarooq/Umar_local_data/GenVideo/video/fake/MoonValley/MoonValley_140.mp4,fake,1.5422,fake,True,fake,True,fake,True
MoonValley_141.mp4,/home/umflint.edu/mufarooq/Umar_local_data/GenVideo/video/fake/MoonValley/MoonValley_141.mp4,fake,1.5703,fake,True,fake,True,fake,True
MoonValley_142.mp4,/home/umflint.edu/mufarooq/Umar_local_data/GenVideo/video/fake/MoonValley/MoonValley_142.mp4,fake,1.4184,real,False,fake,True,fake,True
MoonValley_143.mp4,/home/umflint.edu/mufarooq/Umar_local_data/GenVideo/video/fake/MoonValley/MoonValley_143.mp4,fake,1.4115,real,False,fake,True,fake,True
MoonValley_144.mp4,/home/umflint.edu/mufarooq/Umar_local_data/GenVideo/video/fake/MoonValley/MoonValley_144.mp4,fake,1.5222,fake,True,fake,True,fake,True
MoonValley_145.mp4,/home/umflint.edu/mufarooq/Umar_local_data/GenVideo/video/fake/MoonValley/MoonValley_145.mp4,fake,1.5735,fake,True,fake,True,fake,True
MoonValley_146.mp4,/home/umflint.edu/mufarooq/Umar_local_data/GenVideo/video/fake/MoonValley/MoonValley_146.mp4,fake,1.4771,fake,True,fake,True,fake,True
MoonValley_147.mp4,/home/umflint.edu/mufarooq/Umar_local_data/GenVideo/video/fake/MoonValley/MoonValley_147.mp4,fake,1.4936,fake,True,fake,True,fake,True
MoonValley_148.mp4,/home/umflint.edu/mufarooq/Umar_local_data/GenVideo/video/fake/MoonValley/MoonValley_148.mp4,fake,1.5747,fake,True,fake,True,fake,True
MoonValley_149.mp4,/home/umflint.edu/mufarooq/Umar_local_data/GenVideo/video/fake/MoonValley/MoonValley_149.mp4,fake,1.5703,fake,True,fake,True,fake,True
MoonValley_15.mp4,/home/umflint.edu/mufarooq/Umar_local_data/GenVideo/video/fake/MoonValley/MoonValley_15.mp4,fake,1.5747,fake,True,fake,True,fake,True
MoonValley_150.mp4,/home/umflint.edu/mufarooq/Umar_local_data/GenVideo/video/fake/MoonValley/MoonValley_150.mp4,fake,1.5705,fake,True,fake,True,fake,True
MoonValley_151.mp4,/home/umflint.edu/mufarooq/Umar_local_data/GenVideo/video/fake/MoonValley/MoonValley_151.mp4,fake,1.5162,fake,True,fake,True,fake,True
MoonValley_152.mp4,/home/umflint.edu/mufarooq/Umar_local_data/GenVideo/video/fake/MoonValley/MoonValley_152.mp4,fake,1.5474,fake,True,fake,True,fake,True
MoonValley_153.mp4,/home/umflint.edu/mufarooq/Umar_local_data/GenVideo/video/fake/MoonValley/MoonValley_153.mp4,fake,0.9212,real,False,real,False,fake,True
MoonValley_154.mp4,/home/umflint.edu/mufarooq/Umar_local_data/GenVideo/video/fake/MoonValley/MoonValley_154.mp4,fake,1.4231,real,False,fake,True,fake,True
MoonValley_155.mp4,/home/umflint.edu/mufarooq/Umar_local_data/GenVideo/video/fake/MoonValley/MoonValley_155.mp4,fake,1.5737,fake,True,fake,True,fake,True
MoonValley_156.mp4,/home/umflint.edu/mufarooq/Umar_local_data/GenVideo/video/fake/MoonValley/MoonValley_156.mp4,fake,1.5673,fake,True,fake,True,fake,True
MoonValley_157.mp4,/home/umflint.edu/mufarooq/Umar_local_data/GenVideo/video/fake/MoonValley/MoonValley_157.mp4,fake,1.574,fake,True,fake,True,fake,True
MoonValley_158.mp4,/home/umflint.edu/mufarooq/Umar_local_data/GenVideo/video/fake/MoonValley/MoonValley_158.mp4,fake,1.2323,real,False,fake,True,fake,True
MoonValley_159.mp4,/home/umflint.edu/mufarooq/Umar_local_data/GenVideo/video/fake/MoonValley/MoonValley_159.mp4,fake,1.0642,real,False,real,False,fake,True
MoonValley_16.mp4,/home/umflint.edu/mufarooq/Umar_local_data/GenVideo/video/fake/MoonValley/MoonValley_16.mp4,fake,1.5668,fake,True,fake,True,fake,True
MoonValley_160.mp4,/home/umflint.edu/mufarooq/Umar_local_data/GenVideo/video/fake/MoonValley/MoonValley_160.mp4,fake,1.5666,fake,True,fake,True,fake,True
MoonValley_161.mp4,/home/umflint.edu/mufarooq/Umar_local_data/GenVideo/video/fake/MoonValley/MoonValley_161.mp4,fake,1.55,fake,True,fake,True,fake,True
MoonValley_162.mp4,/home/umflint.edu/mufarooq/Umar_local_data/GenVideo/video/fake/MoonValley/MoonValley_162.mp4,fake,1.5747,fake,True,fake,True,fake,True
MoonValley_163.mp4,/home/umflint.edu/mufarooq/Umar_local_data/GenVideo/video/fake/MoonValley/MoonValley_163.mp4,fake,1.5683,fake,True,fake,True,fake,True
MoonValley_164.mp4,/home/umflint.edu/mufarooq/Umar_local_data/GenVideo/video/fake/MoonValley/MoonValley_164.mp4,fake,1.5736,fake,True,fake,True,fake,True
MoonValley_165.mp4,/home/umflint.edu/mufarooq/Umar_local_data/GenVideo/video/fake/MoonValley/MoonValley_165.mp4,fake,0.8418,real,False,real,False,real,False
MoonValley_166.mp4,/home/umflint.edu/mufarooq/Umar_local_data/GenVideo/video/fake/MoonValley/MoonValley_166.mp4,fake,1.465,fake,True,fake,True,fake,True
MoonValley_167.mp4,/home/umflint.edu/mufarooq/Umar_local_data/GenVideo/video/fake/MoonValley/MoonValley_167.mp4,fake,1.5692,fake,True,fake,True,fake,True
MoonValley_168.mp4,/home/umflint.edu/mufarooq/Umar_local_data/GenVideo/video/fake/MoonValley/MoonValley_168.mp4,fake,1.4471,fake,True,fake,True,fake,True
MoonValley_169.mp4,/home/umflint.edu/mufarooq/Umar_local_data/GenVideo/video/fake/MoonValley/MoonValley_169.mp4,fake,1.5678,fake,True,fake,True,fake,True
MoonValley_17.mp4,/home/umflint.edu/mufarooq/Umar_local_data/GenVideo/video/fake/MoonValley/MoonValley_17.mp4,fake,1.4217,real,False,fake,True,fake,True
MoonValley_170.mp4,/home/umflint.edu/mufarooq/Umar_local_data/GenVideo/video/fake/MoonValley/MoonValley_170.mp4,fake,1.5747,fake,True,fake,True,fake,True
MoonValley_171.mp4,/home/umflint.edu/mufarooq/Umar_local_data/GenVideo/video/fake/MoonValley/MoonValley_171.mp4,fake,1.5747,fake,True,fake,True,fake,True
MoonValley_172.mp4,/home/umflint.edu/mufarooq/Umar_local_data/GenVideo/video/fake/MoonValley/MoonValley_172.mp4,fake,1.5713,fake,True,fake,True,fake,True
MoonValley_173.mp4,/home/umflint.edu/mufarooq/Umar_local_data/GenVideo/video/fake/MoonValley/MoonValley_173.mp4,fake,1.5745,fake,True,fake,True,fake,True
MoonValley_174.mp4,/home/umflint.edu/mufarooq/Umar_local_data/GenVideo/video/fake/MoonValley/MoonValley_174.mp4,fake,1.5193,fake,True,fake,True,fake,True
MoonValley_175.mp4,/home/umflint.edu/mufarooq/Umar_local_data/GenVideo/video/fake/MoonValley/MoonValley_175.mp4,fake,1.4864,fake,True,fake,True,fake,True
MoonValley_176.mp4,/home/umflint.edu/mufarooq/Umar_local_data/GenVideo/video/fake/MoonValley/MoonValley_176.mp4,fake,1.5745,fake,True,fake,True,fake,True
MoonValley_177.mp4,/home/umflint.edu/mufarooq/Umar_local_data/GenVideo/video/fake/MoonValley/MoonValley_177.mp4,fake,1.5745,fake,True,fake,True,fake,True
MoonValley_178.mp4,/home/umflint.edu/mufarooq/Umar_local_data/GenVideo/video/fake/MoonValley/MoonValley_178.mp4,fake,1.1822,real,False,fake,True,fake,True
MoonValley_179.mp4,/home/umflint.edu/mufarooq/Umar_local_data/GenVideo/video/fake/MoonValley/MoonValley_179.mp4,fake,1.5744,fake,True,fake,True,fake,True
MoonValley_18.mp4,/home/umflint.edu/mufarooq/Umar_local_data/GenVideo/video/fake/MoonValley/MoonValley_18.mp4,fake,1.5745,fake,True,fake,True,fake,True
MoonValley_180.mp4,/home/umflint.edu/mufarooq/Umar_local_data/GenVideo/video/fake/MoonValley/MoonValley_180.mp4,fake,1.5637,fake,True,fake,True,fake,True
MoonValley_181.mp4,/home/umflint.edu/mufarooq/Umar_local_data/GenVideo/video/fake/MoonValley/MoonValley_181.mp4,fake,1.5745,fake,True,fake,True,fake,True
MoonValley_182.mp4,/home/umflint.edu/mufarooq/Umar_local_data/GenVideo/video/fake/MoonValley/MoonValley_182.mp4,fake,1.4586,fake,True,fake,True,fake,True
MoonValley_183.mp4,/home/umflint.edu/mufarooq/Umar_local_data/GenVideo/video/fake/MoonValley/MoonValley_183.mp4,fake,1.5742,fake,True,fake,True,fake,True
MoonValley_184.mp4,/home/umflint.edu/mufarooq/Umar_local_data/GenVideo/video/fake/MoonValley/MoonValley_184.mp4,fake,1.5023,fake,True,fake,True,fake,True
MoonValley_185.mp4,/home/umflint.edu/mufarooq/Umar_local_data/GenVideo/video/fake/MoonValley/MoonValley_185.mp4,fake,1.5363,fake,True,fake,True,fake,True
MoonValley_186.mp4,/home/umflint.edu/mufarooq/Umar_local_data/GenVideo/video/fake/MoonValley/MoonValley_186.mp4,fake,1.5327,fake,True,fake,True,fake,True
MoonValley_187.mp4,/home/umflint.edu/mufarooq/Umar_local_data/GenVideo/video/fake/MoonValley/MoonValley_187.mp4,fake,1.5718,fake,True,fake,True,fake,True
MoonValley_188.mp4,/home/umflint.edu/mufarooq/Umar_local_data/GenVideo/video/fake/MoonValley/MoonValley_188.mp4,fake,1.5744,fake,True,fake,True,fake,True
MoonValley_189.mp4,/home/umflint.edu/mufarooq/Umar_local_data/GenVideo/video/fake/MoonValley/MoonValley_189.mp4,fake,1.5743,fake,True,fake,True,fake,True
show1_1.mp4,/home/umflint.edu/mufarooq/Umar_local_data/GenVideo/video/fake/Show_1/show1_1.mp4,fake,0.9906,real,False,real,False,fake,True
show1_10.mp4,/home/umflint.edu/mufarooq/Umar_local_data/GenVideo/video/fake/Show_1/show1_10.mp4,fake,0.9329,real,False,real,False,fake,True
show1_100.mp4,/home/umflint.edu/mufarooq/Umar_local_data/GenVideo/video/fake/Show_1/show1_100.mp4,fake,1.1786,real,False,fake,True,fake,True
show1_101.mp4,/home/umflint.edu/mufarooq/Umar_local_data/GenVideo/video/fake/Show_1/show1_101.mp4,fake,0.1947,real,False,real,False,real,False
show1_102.mp4,/home/umflint.edu/mufarooq/Umar_local_data/GenVideo/video/fake/Show_1/show1_102.mp4,fake,0.8709,real,False,real,False,fake,True
show1_103.mp4,/home/umflint.edu/mufarooq/Umar_local_data/GenVideo/video/fake/Show_1/show1_103.mp4,fake,0.7935,real,False,real,False,real,False
show1_104.mp4,/home/umflint.edu/mufarooq/Umar_local_data/GenVideo/video/fake/Show_1/show1_104.mp4,fake,0.72,real,False,real,False,real,False
show1_105.mp4,/home/umflint.edu/mufarooq/Umar_local_data/GenVideo/video/fake/Show_1/show1_105.mp4,fake,0.5981,real,False,real,False,real,False
show1_106.mp4,/home/umflint.edu/mufarooq/Umar_local_data/GenVideo/video/fake/Show_1/show1_106.mp4,fake,1.1047,real,False,real,False,fake,True
show1_107.mp4,/home/umflint.edu/mufarooq/Umar_local_data/GenVideo/video/fake/Show_1/show1_107.mp4,fake,0.644,real,False,real,False,real,False
show1_108.mp4,/home/umflint.edu/mufarooq/Umar_local_data/GenVideo/video/fake/Show_1/show1_108.mp4,fake,1.5744,fake,True,fake,True,fake,True
show1_109.mp4,/home/umflint.edu/mufarooq/Umar_local_data/GenVideo/video/fake/Show_1/show1_109.mp4,fake,0.2535,real,False,real,False,real,False
show1_11.mp4,/home/umflint.edu/mufarooq/Umar_local_data/GenVideo/video/fake/Show_1/show1_11.mp4,fake,0.6,real,False,real,False,real,False
show1_110.mp4,/home/umflint.edu/mufarooq/Umar_local_data/GenVideo/video/fake/Show_1/show1_110.mp4,fake,0.2312,real,False,real,False,real,False
show1_111.mp4,/home/umflint.edu/mufarooq/Umar_local_data/GenVideo/video/fake/Show_1/show1_111.mp4,fake,0.8876,real,False,real,False,fake,True
show1_112.mp4,/home/umflint.edu/mufarooq/Umar_local_data/GenVideo/video/fake/Show_1/show1_112.mp4,fake,0.4496,real,False,real,False,real,False
show1_113.mp4,/home/umflint.edu/mufarooq/Umar_local_data/GenVideo/video/fake/Show_1/show1_113.mp4,fake,1.3576,real,False,fake,True,fake,True
show1_114.mp4,/home/umflint.edu/mufarooq/Umar_local_data/GenVideo/video/fake/Show_1/show1_114.mp4,fake,0.1749,real,False,real,False,real,False
show1_115.mp4,/home/umflint.edu/mufarooq/Umar_local_data/GenVideo/video/fake/Show_1/show1_115.mp4,fake,0.4091,real,False,real,False,real,False
show1_116.mp4,/home/umflint.edu/mufarooq/Umar_local_data/GenVideo/video/fake/Show_1/show1_116.mp4,fake,0.4134,real,False,real,False,real,False
show1_117.mp4,/home/umflint.edu/mufarooq/Umar_local_data/GenVideo/video/fake/Show_1/show1_117.mp4,fake,0.1743,real,False,real,False,real,False
show1_118.mp4,/home/umflint.edu/mufarooq/Umar_local_data/GenVideo/video/fake/Show_1/show1_118.mp4,fake,0.1963,real,False,real,False,real,False
show1_119.mp4,/home/umflint.edu/mufarooq/Umar_local_data/GenVideo/video/fake/Show_1/show1_119.mp4,fake,1.3612,real,False,fake,True,fake,True
show1_12.mp4,/home/umflint.edu/mufarooq/Umar_local_data/GenVideo/video/fake/Show_1/show1_12.mp4,fake,1.0275,real,False,real,False,fake,True
show1_120.mp4,/home/umflint.edu/mufarooq/Umar_local_data/GenVideo/video/fake/Show_1/show1_120.mp4,fake,0.1443,real,False,real,False,real,False
show1_121.mp4,/home/umflint.edu/mufarooq/Umar_local_data/GenVideo/video/fake/Show_1/show1_121.mp4,fake,0.1969,real,False,real,False,real,False
show1_122.mp4,/home/umflint.edu/mufarooq/Umar_local_data/GenVideo/video/fake/Show_1/show1_122.mp4,fake,0.3257,real,False,real,False,real,False
show1_123.mp4,/home/umflint.edu/mufarooq/Umar_local_data/GenVideo/video/fake/Show_1/show1_123.mp4,fake,0.8641,real,False,real,False,fake,True
show1_124.mp4,/home/umflint.edu/mufarooq/Umar_local_data/GenVideo/video/fake/Show_1/show1_124.mp4,fake,0.1663,real,False,real,False,real,False
show1_125.mp4,/home/umflint.edu/mufarooq/Umar_local_data/GenVideo/video/fake/Show_1/show1_125.mp4,fake,0.1965,real,False,real,False,real,False
show1_126.mp4,/home/umflint.edu/mufarooq/Umar_local_data/GenVideo/video/fake/Show_1/show1_126.mp4,fake,0.6866,real,False,real,False,real,False
show1_127.mp4,/home/umflint.edu/mufarooq/Umar_local_data/GenVideo/video/fake/Show_1/show1_127.mp4,fake,0.1464,real,False,real,False,real,False
show1_128.mp4,/home/umflint.edu/mufarooq/Umar_local_data/GenVideo/video/fake/Show_1/show1_128.mp4,fake,0.1613,real,False,real,False,real,False
show1_129.mp4,/home/umflint.edu/mufarooq/Umar_local_data/GenVideo/video/fake/Show_1/show1_129.mp4,fake,0.2425,real,False,real,False,real,False
show1_13.mp4,/home/umflint.edu/mufarooq/Umar_local_data/GenVideo/video/fake/Show_1/show1_13.mp4,fake,0.3426,real,False,real,False,real,False
show1_130.mp4,/home/umflint.edu/mufarooq/Umar_local_data/GenVideo/video/fake/Show_1/show1_130.mp4,fake,0.1314,real,False,real,False,real,False
show1_131.mp4,/home/umflint.edu/mufarooq/Umar_local_data/GenVideo/video/fake/Show_1/show1_131.mp4,fake,0.2472,real,False,real,False,real,False
show1_132.mp4,/home/umflint.edu/mufarooq/Umar_local_data/GenVideo/video/fake/Show_1/show1_132.mp4,fake,0.4509,real,False,real,False,real,False
show1_133.mp4,/home/umflint.edu/mufarooq/Umar_local_data/GenVideo/video/fake/Show_1/show1_133.mp4,fake,0.4584,real,False,real,False,real,False
show1_134.mp4,/home/umflint.edu/mufarooq/Umar_local_data/GenVideo/video/fake/Show_1/show1_134.mp4,fake,0.326,real,False,real,False,real,False
show1_135.mp4,/home/umflint.edu/mufarooq/Umar_local_data/GenVideo/video/fake/Show_1/show1_135.mp4,fake,0.2079,real,False,real,False,real,False
show1_136.mp4,/home/umflint.edu/mufarooq/Umar_local_data/GenVideo/video/fake/Show_1/show1_136.mp4,fake,0.9952,real,False,real,False,fake,True
show1_137.mp4,/home/umflint.edu/mufarooq/Umar_local_data/GenVideo/video/fake/Show_1/show1_137.mp4,fake,0.1804,real,False,real,False,real,False
show1_138.mp4,/home/umflint.edu/mufarooq/Umar_local_data/GenVideo/video/fake/Show_1/show1_138.mp4,fake,0.7266,real,False,real,False,real,False
show1_139.mp4,/home/umflint.edu/mufarooq/Umar_local_data/GenVideo/video/fake/Show_1/show1_139.mp4,fake,0.2223,real,False,real,False,real,False
show1_14.mp4,/home/umflint.edu/mufarooq/Umar_local_data/GenVideo/video/fake/Show_1/show1_14.mp4,fake,0.5196,real,False,real,False,real,False
show1_140.mp4,/home/umflint.edu/mufarooq/Umar_local_data/GenVideo/video/fake/Show_1/show1_140.mp4,fake,0.3698,real,False,real,False,real,False
show1_141.mp4,/home/umflint.edu/mufarooq/Umar_local_data/GenVideo/video/fake/Show_1/show1_141.mp4,fake,0.4358,real,False,real,False,real,False
show1_142.mp4,/home/umflint.edu/mufarooq/Umar_local_data/GenVideo/video/fake/Show_1/show1_142.mp4,fake,0.1985,real,False,real,False,real,False
show1_143.mp4,/home/umflint.edu/mufarooq/Umar_local_data/GenVideo/video/fake/Show_1/show1_143.mp4,fake,0.643,real,False,real,False,real,False
show1_144.mp4,/home/umflint.edu/mufarooq/Umar_local_data/GenVideo/video/fake/Show_1/show1_144.mp4,fake,0.1894,real,False,real,False,real,False
show1_145.mp4,/home/umflint.edu/mufarooq/Umar_local_data/GenVideo/video/fake/Show_1/show1_145.mp4,fake,0.1019,real,False,real,False,real,False
show1_146.mp4,/home/umflint.edu/mufarooq/Umar_local_data/GenVideo/video/fake/Show_1/show1_146.mp4,fake,1.303,real,False,fake,True,fake,True
show1_147.mp4,/home/umflint.edu/mufarooq/Umar_local_data/GenVideo/video/fake/Show_1/show1_147.mp4,fake,0.1732,real,False,real,False,real,False
show1_148.mp4,/home/umflint.edu/mufarooq/Umar_local_data/GenVideo/video/fake/Show_1/show1_148.mp4,fake,0.1584,real,False,real,False,real,False
show1_149.mp4,/home/umflint.edu/mufarooq/Umar_local_data/GenVideo/video/fake/Show_1/show1_149.mp4,fake,0.5362,real,False,real,False,real,False
show1_15.mp4,/home/umflint.edu/mufarooq/Umar_local_data/GenVideo/video/fake/Show_1/show1_15.mp4,fake,0.4163,real,False,real,False,real,False
show1_150.mp4,/home/umflint.edu/mufarooq/Umar_local_data/GenVideo/video/fake/Show_1/show1_150.mp4,fake,0.1745,real,False,real,False,real,False
show1_151.mp4,/home/umflint.edu/mufarooq/Umar_local_data/GenVideo/video/fake/Show_1/show1_151.mp4,fake,1.4863,fake,True,fake,True,fake,True
show1_152.mp4,/home/umflint.edu/mufarooq/Umar_local_data/GenVideo/video/fake/Show_1/show1_152.mp4,fake,0.3724,real,False,real,False,real,False
show1_153.mp4,/home/umflint.edu/mufarooq/Umar_local_data/GenVideo/video/fake/Show_1/show1_153.mp4,fake,0.4505,real,False,real,False,real,False
show1_154.mp4,/home/umflint.edu/mufarooq/Umar_local_data/GenVideo/video/fake/Show_1/show1_154.mp4,fake,0.5038,real,False,real,False,real,False
show1_155.mp4,/home/umflint.edu/mufarooq/Umar_local_data/GenVideo/video/fake/Show_1/show1_155.mp4,fake,0.4618,real,False,real,False,real,False
show1_156.mp4,/home/umflint.edu/mufarooq/Umar_local_data/GenVideo/video/fake/Show_1/show1_156.mp4,fake,1.0145,real,False,real,False,fake,True
show1_157.mp4,/home/umflint.edu/mufarooq/Umar_local_data/GenVideo/video/fake/Show_1/show1_157.mp4,fake,1.3369,real,False,fake,True,fake,True
show1_158.mp4,/home/umflint.edu/mufarooq/Umar_local_data/GenVideo/video/fake/Show_1/show1_158.mp4,fake,0.983,real,False,real,False,fake,True
show1_159.mp4,/home/umflint.edu/mufarooq/Umar_local_data/GenVideo/video/fake/Show_1/show1_159.mp4,fake,1.357,real,False,fake,True,fake,True
show1_16.mp4,/home/umflint.edu/mufarooq/Umar_local_data/GenVideo/video/fake/Show_1/show1_16.mp4,fake,0.4702,real,False,real,False,real,False
show1_160.mp4,/home/umflint.edu/mufarooq/Umar_local_data/GenVideo/video/fake/Show_1/show1_160.mp4,fake,1.4852,fake,True,fake,True,fake,True
show1_161.mp4,/home/umflint.edu/mufarooq/Umar_local_data/GenVideo/video/fake/Show_1/show1_161.mp4,fake,1.3404,real,False,fake,True,fake,True
show1_162.mp4,/home/umflint.edu/mufarooq/Umar_local_data/GenVideo/video/fake/Show_1/show1_162.mp4,fake,0.3228,real,False,real,False,real,False
show1_163.mp4,/home/umflint.edu/mufarooq/Umar_local_data/GenVideo/video/fake/Show_1/show1_163.mp4,fake,0.4339,real,False,real,False,real,False
show1_164.mp4,/home/umflint.edu/mufarooq/Umar_local_data/GenVideo/video/fake/Show_1/show1_164.mp4,fake,1.0607,real,False,real,False,fake,True
show1_165.mp4,/home/umflint.edu/mufarooq/Umar_local_data/GenVideo/video/fake/Show_1/show1_165.mp4,fake,0.3522,real,False,real,False,real,False
show1_166.mp4,/home/umflint.edu/mufarooq/Umar_local_data/GenVideo/video/fake/Show_1/show1_166.mp4,fake,0.7873,real,False,real,False,real,False
show1_167.mp4,/home/umflint.edu/mufarooq/Umar_local_data/GenVideo/video/fake/Show_1/show1_167.mp4,fake,1.5288,fake,True,fake,True,fake,True
show1_168.mp4,/home/umflint.edu/mufarooq/Umar_local_data/GenVideo/video/fake/Show_1/show1_168.mp4,fake,0.458,real,False,real,False,real,False
show1_169.mp4,/home/umflint.edu/mufarooq/Umar_local_data/GenVideo/video/fake/Show_1/show1_169.mp4,fake,0.1719,real,False,real,False,real,False
show1_17.mp4,/home/umflint.edu/mufarooq/Umar_local_data/GenVideo/video/fake/Show_1/show1_17.mp4,fake,1.0576,real,False,real,False,fake,True
show1_170.mp4,/home/umflint.edu/mufarooq/Umar_local_data/GenVideo/video/fake/Show_1/show1_170.mp4,fake,0.2539,real,False,real,False,real,False
show1_171.mp4,/home/umflint.edu/mufarooq/Umar_local_data/GenVideo/video/fake/Show_1/show1_171.mp4,fake,0.1405,real,False,real,False,real,False
show1_172.mp4,/home/umflint.edu/mufarooq/Umar_local_data/GenVideo/video/fake/Show_1/show1_172.mp4,fake,1.2982,real,False,fake,True,fake,True
show1_173.mp4,/home/umflint.edu/mufarooq/Umar_local_data/GenVideo/video/fake/Show_1/show1_173.mp4,fake,0.3695,real,False,real,False,real,False
show1_174.mp4,/home/umflint.edu/mufarooq/Umar_local_data/GenVideo/video/fake/Show_1/show1_174.mp4,fake,0.5406,real,False,real,False,real,False
show1_175.mp4,/home/umflint.edu/mufarooq/Umar_local_data/GenVideo/video/fake/Show_1/show1_175.mp4,fake,0.2333,real,False,real,False,real,False
show1_176.mp4,/home/umflint.edu/mufarooq/Umar_local_data/GenVideo/video/fake/Show_1/show1_176.mp4,fake,0.2484,real,False,real,False,real,False
show1_177.mp4,/home/umflint.edu/mufarooq/Umar_local_data/GenVideo/video/fake/Show_1/show1_177.mp4,fake,0.5194,real,False,real,False,real,False
show1_178.mp4,/home/umflint.edu/mufarooq/Umar_local_data/GenVideo/video/fake/Show_1/show1_178.mp4,fake,0.4696,real,False,real,False,real,False
show1_179.mp4,/home/umflint.edu/mufarooq/Umar_local_data/GenVideo/video/fake/Show_1/show1_179.mp4,fake,0.3753,real,False,real,False,real,False
show1_18.mp4,/home/umflint.edu/mufarooq/Umar_local_data/GenVideo/video/fake/Show_1/show1_18.mp4,fake,1.4023,real,False,fake,True,fake,True
show1_180.mp4,/home/umflint.edu/mufarooq/Umar_local_data/GenVideo/video/fake/Show_1/show1_180.mp4,fake,0.1862,real,False,real,False,real,False
show1_181.mp4,/home/umflint.edu/mufarooq/Umar_local_data/GenVideo/video/fake/Show_1/show1_181.mp4,fake,0.1233,real,False,real,False,real,False
show1_182.mp4,/home/umflint.edu/mufarooq/Umar_local_data/GenVideo/video/fake/Show_1/show1_182.mp4,fake,0.994,real,False,real,False,fake,True
show1_183.mp4,/home/umflint.edu/mufarooq/Umar_local_data/GenVideo/video/fake/Show_1/show1_183.mp4,fake,0.1489,real,False,real,False,real,False
show1_184.mp4,/home/umflint.edu/mufarooq/Umar_local_data/GenVideo/video/fake/Show_1/show1_184.mp4,fake,0.4779,real,False,real,False,real,False
show1_185.mp4,/home/umflint.edu/mufarooq/Umar_local_data/GenVideo/video/fake/Show_1/show1_185.mp4,fake,0.6412,real,False,real,False,real,False
show1_186.mp4,/home/umflint.edu/mufarooq/Umar_local_data/GenVideo/video/fake/Show_1/show1_186.mp4,fake,0.4694,real,False,real,False,real,False
show1_187.mp4,/home/umflint.edu/mufarooq/Umar_local_data/GenVideo/video/fake/Show_1/show1_187.mp4,fake,1.5096,fake,True,fake,True,fake,True
show1_188.mp4,/home/umflint.edu/mufarooq/Umar_local_data/GenVideo/video/fake/Show_1/show1_188.mp4,fake,0.1988,real,False,real,False,real,False
show1_189.mp4,/home/umflint.edu/mufarooq/Umar_local_data/GenVideo/video/fake/Show_1/show1_189.mp4,fake,0.3188,real,False,real,False,real,False
D1.mp4,/home/umflint.edu/mufarooq/Umar_local_data/GenVideo/video/fake/WildScrape/D1.mp4,fake,1.1389,real,False,fake,True,fake,True
D100.mp4,/home/umflint.edu/mufarooq/Umar_local_data/GenVideo/video/fake/WildScrape/D100.mp4,fake,0.2624,real,False,real,False,real,False
D101.mp4,/home/umflint.edu/mufarooq/Umar_local_data/GenVideo/video/fake/WildScrape/D101.mp4,fake,1.5677,fake,True,fake,True,fake,True
D102.mp4,/home/umflint.edu/mufarooq/Umar_local_data/GenVideo/video/fake/WildScrape/D102.mp4,fake,1.4892,fake,True,fake,True,fake,True
D103.mp4,/home/umflint.edu/mufarooq/Umar_local_data/GenVideo/video/fake/WildScrape/D103.mp4,fake,1.1285,real,False,fake,True,fake,True
D104.mp4,/home/umflint.edu/mufarooq/Umar_local_data/GenVideo/video/fake/WildScrape/D104.mp4,fake,1.3737,real,False,fake,True,fake,True
D105.mp4,/home/umflint.edu/mufarooq/Umar_local_data/GenVideo/video/fake/WildScrape/D105.mp4,fake,0.2681,real,False,real,False,real,False
D106.mp4,/home/umflint.edu/mufarooq/Umar_local_data/GenVideo/video/fake/WildScrape/D106.mp4,fake,0.6518,real,False,real,False,real,False
D107.mp4,/home/umflint.edu/mufarooq/Umar_local_data/GenVideo/video/fake/WildScrape/D107.mp4,fake,1.5041,fake,True,fake,True,fake,True
D108.mp4,/home/umflint.edu/mufarooq/Umar_local_data/GenVideo/video/fake/WildScrape/D108.mp4,fake,1.5344,fake,True,fake,True,fake,True
D109.mp4,/home/umflint.edu/mufarooq/Umar_local_data/GenVideo/video/fake/WildScrape/D109.mp4,fake,0.8988,real,False,real,False,fake,True
D110.mp4,/home/umflint.edu/mufarooq/Umar_local_data/GenVideo/video/fake/WildScrape/D110.mp4,fake,1.4699,fake,True,fake,True,fake,True
D111.mp4,/home/umflint.edu/mufarooq/Umar_local_data/GenVideo/video/fake/WildScrape/D111.mp4,fake,0.5604,real,False,real,False,real,False
D112.mp4,/home/umflint.edu/mufarooq/Umar_local_data/GenVideo/video/fake/WildScrape/D112.mp4,fake,0.1365,real,False,real,False,real,False
D113.mp4,/home/umflint.edu/mufarooq/Umar_local_data/GenVideo/video/fake/WildScrape/D113.mp4,fake,0.7089,real,False,real,False,real,False
D114.mp4,/home/umflint.edu/mufarooq/Umar_local_data/GenVideo/video/fake/WildScrape/D114.mp4,fake,0.4244,real,False,real,False,real,False
D115.mp4,/home/umflint.edu/mufarooq/Umar_local_data/GenVideo/video/fake/WildScrape/D115.mp4,fake,0.4222,real,False,real,False,real,False
D116.mp4,/home/umflint.edu/mufarooq/Umar_local_data/GenVideo/video/fake/WildScrape/D116.mp4,fake,0.717,real,False,real,False,real,False
D117.mp4,/home/umflint.edu/mufarooq/Umar_local_data/GenVideo/video/fake/WildScrape/D117.mp4,fake,0.3521,real,False,real,False,real,False
D118.mp4,/home/umflint.edu/mufarooq/Umar_local_data/GenVideo/video/fake/WildScrape/D118.mp4,fake,0.1098,real,False,real,False,real,False
D119.mp4,/home/umflint.edu/mufarooq/Umar_local_data/GenVideo/video/fake/WildScrape/D119.mp4,fake,0.1645,real,False,real,False,real,False
D120.mp4,/home/umflint.edu/mufarooq/Umar_local_data/GenVideo/video/fake/WildScrape/D120.mp4,fake,0.1674,real,False,real,False,real,False
D121.mp4,/home/umflint.edu/mufarooq/Umar_local_data/GenVideo/video/fake/WildScrape/D121.mp4,fake,0.8901,real,False,real,False,fake,True
D122.mp4,/home/umflint.edu/mufarooq/Umar_local_data/GenVideo/video/fake/WildScrape/D122.mp4,fake,0.2842,real,False,real,False,real,False
D123.mp4,/home/umflint.edu/mufarooq/Umar_local_data/GenVideo/video/fake/WildScrape/D123.mp4,fake,0.2651,real,False,real,False,real,False
D124.mp4,/home/umflint.edu/mufarooq/Umar_local_data/GenVideo/video/fake/WildScrape/D124.mp4,fake,0.8188,real,False,real,False,real,False
D125.mp4,/home/umflint.edu/mufarooq/Umar_local_data/GenVideo/video/fake/WildScrape/D125.mp4,fake,1.3265,real,False,fake,True,fake,True
D126.mp4,/home/umflint.edu/mufarooq/Umar_local_data/GenVideo/video/fake/WildScrape/D126.mp4,fake,0.3754,real,False,real,False,real,False
D127.mp4,/home/umflint.edu/mufarooq/Umar_local_data/GenVideo/video/fake/WildScrape/D127.mp4,fake,0.2111,real,False,real,False,real,False
D128.mp4,/home/umflint.edu/mufarooq/Umar_local_data/GenVideo/video/fake/WildScrape/D128.mp4,fake,0.5529,real,False,real,False,real,False
D129.mp4,/home/umflint.edu/mufarooq/Umar_local_data/GenVideo/video/fake/WildScrape/D129.mp4,fake,0.9816,real,False,real,False,fake,True
D13.mp4,/home/umflint.edu/mufarooq/Umar_local_data/GenVideo/video/fake/WildScrape/D13.mp4,fake,0.1211,real,False,real,False,real,False
D130.mp4,/home/umflint.edu/mufarooq/Umar_local_data/GenVideo/video/fake/WildScrape/D130.mp4,fake,0.1711,real,False,real,False,real,False
D131.mp4,/home/umflint.edu/mufarooq/Umar_local_data/GenVideo/video/fake/WildScrape/D131.mp4,fake,1.1086,real,False,real,False,fake,True
D132.mp4,/home/umflint.edu/mufarooq/Umar_local_data/GenVideo/video/fake/WildScrape/D132.mp4,fake,0.2866,real,False,real,False,real,False
D133.mp4,/home/umflint.edu/mufarooq/Umar_local_data/GenVideo/video/fake/WildScrape/D133.mp4,fake,0.2371,real,False,real,False,real,False
D134.mp4,/home/umflint.edu/mufarooq/Umar_local_data/GenVideo/video/fake/WildScrape/D134.mp4,fake,1.4568,fake,True,fake,True,fake,True
D135.mp4,/home/umflint.edu/mufarooq/Umar_local_data/GenVideo/video/fake/WildScrape/D135.mp4,fake,1.5514,fake,True,fake,True,fake,True
D136.mp4,/home/umflint.edu/mufarooq/Umar_local_data/GenVideo/video/fake/WildScrape/D136.mp4,fake,0.568,real,False,real,False,real,False
D137.mp4,/home/umflint.edu/mufarooq/Umar_local_data/GenVideo/video/fake/WildScrape/D137.mp4,fake,0.4557,real,False,real,False,real,False
D138.mp4,/home/umflint.edu/mufarooq/Umar_local_data/GenVideo/video/fake/WildScrape/D138.mp4,fake,0.8818,real,False,real,False,fake,True
D139.mp4,/home/umflint.edu/mufarooq/Umar_local_data/GenVideo/video/fake/WildScrape/D139.mp4,fake,0.6676,real,False,real,False,real,False
D14.mp4,/home/umflint.edu/mufarooq/Umar_local_data/GenVideo/video/fake/WildScrape/D14.mp4,fake,0.1695,real,False,real,False,real,False
D140.mp4,/home/umflint.edu/mufarooq/Umar_local_data/GenVideo/video/fake/WildScrape/D140.mp4,fake,0.8364,real,False,real,False,real,False
D141.mp4,/home/umflint.edu/mufarooq/Umar_local_data/GenVideo/video/fake/WildScrape/D141.mp4,fake,1.2453,real,False,fake,True,fake,True
D142.mp4,/home/umflint.edu/mufarooq/Umar_local_data/GenVideo/video/fake/WildScrape/D142.mp4,fake,0.592,real,False,real,False,real,False
D143.mp4,/home/umflint.edu/mufarooq/Umar_local_data/GenVideo/video/fake/WildScrape/D143.mp4,fake,0.406,real,False,real,False,real,False
D144.mp4,/home/umflint.edu/mufarooq/Umar_local_data/GenVideo/video/fake/WildScrape/D144.mp4,fake,1.2398,real,False,fake,True,fake,True
D145.mp4,/home/umflint.edu/mufarooq/Umar_local_data/GenVideo/video/fake/WildScrape/D145.mp4,fake,0.1533,real,False,real,False,real,False
D146.mp4,/home/umflint.edu/mufarooq/Umar_local_data/GenVideo/video/fake/WildScrape/D146.mp4,fake,0.1683,real,False,real,False,real,False
D147.mp4,/home/umflint.edu/mufarooq/Umar_local_data/GenVideo/video/fake/WildScrape/D147.mp4,fake,0.9166,real,False,real,False,fake,True
D148.mp4,/home/umflint.edu/mufarooq/Umar_local_data/GenVideo/video/fake/WildScrape/D148.mp4,fake,0.3149,real,False,real,False,real,False
D149.mp4,/home/umflint.edu/mufarooq/Umar_local_data/GenVideo/video/fake/WildScrape/D149.mp4,fake,0.5763,real,False,real,False,real,False
D15.mp4,/home/umflint.edu/mufarooq/Umar_local_data/GenVideo/video/fake/WildScrape/D15.mp4,fake,0.3096,real,False,real,False,real,False
D150.mp4,/home/umflint.edu/mufarooq/Umar_local_data/GenVideo/video/fake/WildScrape/D150.mp4,fake,1.0656,real,False,real,False,fake,True
D151.mp4,/home/umflint.edu/mufarooq/Umar_local_data/GenVideo/video/fake/WildScrape/D151.mp4,fake,0.6903,real,False,real,False,real,False
D152.mp4,/home/umflint.edu/mufarooq/Umar_local_data/GenVideo/video/fake/WildScrape/D152.mp4,fake,0.108,real,False,real,False,real,False
D153.mp4,/home/umflint.edu/mufarooq/Umar_local_data/GenVideo/video/fake/WildScrape/D153.mp4,fake,0.4536,real,False,real,False,real,False
D154.mp4,/home/umflint.edu/mufarooq/Umar_local_data/GenVideo/video/fake/WildScrape/D154.mp4,fake,0.5985,real,False,real,False,real,False
D155.mp4,/home/umflint.edu/mufarooq/Umar_local_data/GenVideo/video/fake/WildScrape/D155.mp4,fake,1.483,fake,True,fake,True,fake,True
D156.mp4,/home/umflint.edu/mufarooq/Umar_local_data/GenVideo/video/fake/WildScrape/D156.mp4,fake,1.554,fake,True,fake,True,fake,True
D157.mp4,/home/umflint.edu/mufarooq/Umar_local_data/GenVideo/video/fake/WildScrape/D157.mp4,fake,1.5712,fake,True,fake,True,fake,True
D158.mp4,/home/umflint.edu/mufarooq/Umar_local_data/GenVideo/video/fake/WildScrape/D158.mp4,fake,0.3915,real,False,real,False,real,False
D159.mp4,/home/umflint.edu/mufarooq/Umar_local_data/GenVideo/video/fake/WildScrape/D159.mp4,fake,0.6692,real,False,real,False,real,False
D16.mp4,/home/umflint.edu/mufarooq/Umar_local_data/GenVideo/video/fake/WildScrape/D16.mp4,fake,0.4842,real,False,real,False,real,False
D160.mp4,/home/umflint.edu/mufarooq/Umar_local_data/GenVideo/video/fake/WildScrape/D160.mp4,fake,0.3498,real,False,real,False,real,False
D161.mp4,/home/umflint.edu/mufarooq/Umar_local_data/GenVideo/video/fake/WildScrape/D161.mp4,fake,0.4011,real,False,real,False,real,False
D162.mp4,/home/umflint.edu/mufarooq/Umar_local_data/GenVideo/video/fake/WildScrape/D162.mp4,fake,0.341,real,False,real,False,real,False
D163.mp4,/home/umflint.edu/mufarooq/Umar_local_data/GenVideo/video/fake/WildScrape/D163.mp4,fake,0.2481,real,False,real,False,real,False
D164.mp4,/home/umflint.edu/mufarooq/Umar_local_data/GenVideo/video/fake/WildScrape/D164.mp4,fake,0.5919,real,False,real,False,real,False
D165.mp4,/home/umflint.edu/mufarooq/Umar_local_data/GenVideo/video/fake/WildScrape/D165.mp4,fake,1.5383,fake,True,fake,True,fake,True
D166.mp4,/home/umflint.edu/mufarooq/Umar_local_data/GenVideo/video/fake/WildScrape/D166.mp4,fake,0.1821,real,False,real,False,real,False
D167.mp4,/home/umflint.edu/mufarooq/Umar_local_data/GenVideo/video/fake/WildScrape/D167.mp4,fake,0.6908,real,False,real,False,real,False
D174.mp4,/home/umflint.edu/mufarooq/Umar_local_data/GenVideo/video/fake/WildScrape/D174.mp4,fake,0.4625,real,False,real,False,real,False
D175.mp4,/home/umflint.edu/mufarooq/Umar_local_data/GenVideo/video/fake/WildScrape/D175.mp4,fake,0.6568,real,False,real,False,real,False
D176.mp4,/home/umflint.edu/mufarooq/Umar_local_data/GenVideo/video/fake/WildScrape/D176.mp4,fake,1.5728,fake,True,fake,True,fake,True
D177.mp4,/home/umflint.edu/mufarooq/Umar_local_data/GenVideo/video/fake/WildScrape/D177.mp4,fake,1.4629,fake,True,fake,True,fake,True
D178.mp4,/home/umflint.edu/mufarooq/Umar_local_data/GenVideo/video/fake/WildScrape/D178.mp4,fake,0.4765,real,False,real,False,real,False
D179.mp4,/home/umflint.edu/mufarooq/Umar_local_data/GenVideo/video/fake/WildScrape/D179.mp4,fake,1.53,fake,True,fake,True,fake,True
D180.mp4,/home/umflint.edu/mufarooq/Umar_local_data/GenVideo/video/fake/WildScrape/D180.mp4,fake,0.3375,real,False,real,False,real,False
D181.mp4,/home/umflint.edu/mufarooq/Umar_local_data/GenVideo/video/fake/WildScrape/D181.mp4,fake,1.5407,fake,True,fake,True,fake,True
D182.mp4,/home/umflint.edu/mufarooq/Umar_local_data/GenVideo/video/fake/WildScrape/D182.mp4,fake,0.5747,real,False,real,False,real,False
D183.mp4,/home/umflint.edu/mufarooq/Umar_local_data/GenVideo/video/fake/WildScrape/D183.mp4,fake,1.3467,real,False,fake,True,fake,True
D184.mp4,/home/umflint.edu/mufarooq/Umar_local_data/GenVideo/video/fake/WildScrape/D184.mp4,fake,1.4724,fake,True,fake,True,fake,True
D185.mp4,/home/umflint.edu/mufarooq/Umar_local_data/GenVideo/video/fake/WildScrape/D185.mp4,fake,0.3255,real,False,real,False,real,False
D186.mp4,/home/umflint.edu/mufarooq/Umar_local_data/GenVideo/video/fake/WildScrape/D186.mp4,fake,0.85,real,False,real,False,fake,True
D187.mp4,/home/umflint.edu/mufarooq/Umar_local_data/GenVideo/video/fake/WildScrape/D187.mp4,fake,1.5624,fake,True,fake,True,fake,True
D188.mp4,/home/umflint.edu/mufarooq/Umar_local_data/GenVideo/video/fake/WildScrape/D188.mp4,fake,1.1026,real,False,real,False,fake,True
D189.mp4,/home/umflint.edu/mufarooq/Umar_local_data/GenVideo/video/fake/WildScrape/D189.mp4,fake,1.5685,fake,True,fake,True,fake,True
D19.mp4,/home/umflint.edu/mufarooq/Umar_local_data/GenVideo/video/fake/WildScrape/D19.mp4,fake,1.461,fake,True,fake,True,fake,True
D190.mp4,/home/umflint.edu/mufarooq/Umar_local_data/GenVideo/video/fake/WildScrape/D190.mp4,fake,1.1023,real,False,real,False,fake,True
D191.mp4,/home/umflint.edu/mufarooq/Umar_local_data/GenVideo/video/fake/WildScrape/D191.mp4,fake,0.138,real,False,real,False,real,False
D192.mp4,/home/umflint.edu/mufarooq/Umar_local_data/GenVideo/video/fake/WildScrape/D192.mp4,fake,1.4212,real,False,fake,True,fake,True
D193.mp4,/home/umflint.edu/mufarooq/Umar_local_data/GenVideo/video/fake/WildScrape/D193.mp4,fake,1.1414,real,False,fake,True,fake,True
D194.mp4,/home/umflint.edu/mufarooq/Umar_local_data/GenVideo/video/fake/WildScrape/D194.mp4,fake,0.5082,real,False,real,False,real,False
D195.mp4,/home/umflint.edu/mufarooq/Umar_local_data/GenVideo/video/fake/WildScrape/D195.mp4,fake,1.5345,fake,True,fake,True,fake,True
D196.mp4,/home/umflint.edu/mufarooq/Umar_local_data/GenVideo/video/fake/WildScrape/D196.mp4,fake,1.1203,real,False,real,False,fake,True
D197.mp4,/home/umflint.edu/mufarooq/Umar_local_data/GenVideo/video/fake/WildScrape/D197.mp4,fake,1.5555,fake,True,fake,True,fake,True
D198.mp4,/home/umflint.edu/mufarooq/Umar_local_data/GenVideo/video/fake/WildScrape/D198.mp4,fake,1.5687,fake,True,fake,True,fake,True
D199.mp4,/home/umflint.edu/mufarooq/Umar_local_data/GenVideo/video/fake/WildScrape/D199.mp4,fake,0.8446,real,False,real,False,real,False
Pika_10.mp4,/home/umflint.edu/mufarooq/Umar_local_data/GenVideo/video/fake/Pika/Pika_10.mp4,fake,1.5387,fake,True,fake,True,fake,True
Pika_100.mp4,/home/umflint.edu/mufarooq/Umar_local_data/GenVideo/video/fake/Pika/Pika_100.mp4,fake,0.2416,real,False,real,False,real,False
Pika_1000.mp4,/home/umflint.edu/mufarooq/Umar_local_data/GenVideo/video/fake/Pika/Pika_1000.mp4,fake,1.5656,fake,True,fake,True,fake,True
Pika_10000.mp4,/home/umflint.edu/mufarooq/Umar_local_data/GenVideo/video/fake/Pika/Pika_10000.mp4,fake,0.2636,real,False,real,False,real,False
Pika_1001.mp4,/home/umflint.edu/mufarooq/Umar_local_data/GenVideo/video/fake/Pika/Pika_1001.mp4,fake,0.5737,real,False,real,False,real,False
Pika_1002.mp4,/home/umflint.edu/mufarooq/Umar_local_data/GenVideo/video/fake/Pika/Pika_1002.mp4,fake,1.5264,fake,True,fake,True,fake,True
Pika_1003.mp4,/home/umflint.edu/mufarooq/Umar_local_data/GenVideo/video/fake/Pika/Pika_1003.mp4,fake,1.2564,real,False,fake,True,fake,True
Pika_1004.mp4,/home/umflint.edu/mufarooq/Umar_local_data/GenVideo/video/fake/Pika/Pika_1004.mp4,fake,1.5683,fake,True,fake,True,fake,True
Pika_1005.mp4,/home/umflint.edu/mufarooq/Umar_local_data/GenVideo/video/fake/Pika/Pika_1005.mp4,fake,0.1591,real,False,real,False,real,False
Pika_1006.mp4,/home/umflint.edu/mufarooq/Umar_local_data/GenVideo/video/fake/Pika/Pika_1006.mp4,fake,1.469,fake,True,fake,True,fake,True
Pika_1007.mp4,/home/umflint.edu/mufarooq/Umar_local_data/GenVideo/video/fake/Pika/Pika_1007.mp4,fake,0.2689,real,False,real,False,real,False
Pika_1008.mp4,/home/umflint.edu/mufarooq/Umar_local_data/GenVideo/video/fake/Pika/Pika_1008.mp4,fake,0.2506,real,False,real,False,real,False
Pika_1009.mp4,/home/umflint.edu/mufarooq/Umar_local_data/GenVideo/video/fake/Pika/Pika_1009.mp4,fake,0.8393,real,False,real,False,real,False
Pika_101.mp4,/home/umflint.edu/mufarooq/Umar_local_data/GenVideo/video/fake/Pika/Pika_101.mp4,fake,0.6792,real,False,real,False,real,False
Pika_1010.mp4,/home/umflint.edu/mufarooq/Umar_local_data/GenVideo/video/fake/Pika/Pika_1010.mp4,fake,1.3448,real,False,fake,True,fake,True
Pika_1011.mp4,/home/umflint.edu/mufarooq/Umar_local_data/GenVideo/video/fake/Pika/Pika_1011.mp4,fake,1.1789,real,False,fake,True,fake,True
Pika_1012.mp4,/home/umflint.edu/mufarooq/Umar_local_data/GenVideo/video/fake/Pika/Pika_1012.mp4,fake,1.4966,fake,True,fake,True,fake,True
Pika_1013.mp4,/home/umflint.edu/mufarooq/Umar_local_data/GenVideo/video/fake/Pika/Pika_1013.mp4,fake,1.5427,fake,True,fake,True,fake,True
Pika_1014.mp4,/home/umflint.edu/mufarooq/Umar_local_data/GenVideo/video/fake/Pika/Pika_1014.mp4,fake,1.5698,fake,True,fake,True,fake,True
Pika_1015.mp4,/home/umflint.edu/mufarooq/Umar_local_data/GenVideo/video/fake/Pika/Pika_1015.mp4,fake,1.4992,fake,True,fake,True,fake,True
Pika_1016.mp4,/home/umflint.edu/mufarooq/Umar_local_data/GenVideo/video/fake/Pika/Pika_1016.mp4,fake,0.635,real,False,real,False,real,False
Pika_1017.mp4,/home/umflint.edu/mufarooq/Umar_local_data/GenVideo/video/fake/Pika/Pika_1017.mp4,fake,1.1377,real,False,fake,True,fake,True
Pika_1018.mp4,/home/umflint.edu/mufarooq/Umar_local_data/GenVideo/video/fake/Pika/Pika_1018.mp4,fake,1.4861,fake,True,fake,True,fake,True
Pika_1019.mp4,/home/umflint.edu/mufarooq/Umar_local_data/GenVideo/video/fake/Pika/Pika_1019.mp4,fake,1.2122,real,False,fake,True,fake,True
Pika_102.mp4,/home/umflint.edu/mufarooq/Umar_local_data/GenVideo/video/fake/Pika/Pika_102.mp4,fake,1.5148,fake,True,fake,True,fake,True
Pika_1020.mp4,/home/umflint.edu/mufarooq/Umar_local_data/GenVideo/video/fake/Pika/Pika_1020.mp4,fake,1.5728,fake,True,fake,True,fake,True
Pika_1021.mp4,/home/umflint.edu/mufarooq/Umar_local_data/GenVideo/video/fake/Pika/Pika_1021.mp4,fake,1.4412,fake,True,fake,True,fake,True
Pika_1022.mp4,/home/umflint.edu/mufarooq/Umar_local_data/GenVideo/video/fake/Pika/Pika_1022.mp4,fake,0.4044,real,False,real,False,real,False
Pika_1023.mp4,/home/umflint.edu/mufarooq/Umar_local_data/GenVideo/video/fake/Pika/Pika_1023.mp4,fake,1.4074,real,False,fake,True,fake,True
Pika_1024.mp4,/home/umflint.edu/mufarooq/Umar_local_data/GenVideo/video/fake/Pika/Pika_1024.mp4,fake,1.4599,fake,True,fake,True,fake,True
Pika_1025.mp4,/home/umflint.edu/mufarooq/Umar_local_data/GenVideo/video/fake/Pika/Pika_1025.mp4,fake,1.4674,fake,True,fake,True,fake,True
Pika_1026.mp4,/home/umflint.edu/mufarooq/Umar_local_data/GenVideo/video/fake/Pika/Pika_1026.mp4,fake,0.5988,real,False,real,False,real,False
Pika_1027.mp4,/home/umflint.edu/mufarooq/Umar_local_data/GenVideo/video/fake/Pika/Pika_1027.mp4,fake,1.2819,real,False,fake,True,fake,True
Pika_1028.mp4,/home/umflint.edu/mufarooq/Umar_local_data/GenVideo/video/fake/Pika/Pika_1028.mp4,fake,1.541,fake,True,fake,True,fake,True
Pika_1029.mp4,/home/umflint.edu/mufarooq/Umar_local_data/GenVideo/video/fake/Pika/Pika_1029.mp4,fake,1.5591,fake,True,fake,True,fake,True
Pika_103.mp4,/home/umflint.edu/mufarooq/Umar_local_data/GenVideo/video/fake/Pika/Pika_103.mp4,fake,1.1657,real,False,fake,True,fake,True
Pika_1030.mp4,/home/umflint.edu/mufarooq/Umar_local_data/GenVideo/video/fake/Pika/Pika_1030.mp4,fake,1.4209,real,False,fake,True,fake,True
Pika_1031.mp4,/home/umflint.edu/mufarooq/Umar_local_data/GenVideo/video/fake/Pika/Pika_1031.mp4,fake,1.5517,fake,True,fake,True,fake,True
Pika_1032.mp4,/home/umflint.edu/mufarooq/Umar_local_data/GenVideo/video/fake/Pika/Pika_1032.mp4,fake,0.5476,real,False,real,False,real,False
Pika_1033.mp4,/home/umflint.edu/mufarooq/Umar_local_data/GenVideo/video/fake/Pika/Pika_1033.mp4,fake,1.3515,real,False,fake,True,fake,True
Pika_1034.mp4,/home/umflint.edu/mufarooq/Umar_local_data/GenVideo/video/fake/Pika/Pika_1034.mp4,fake,0.6271,real,False,real,False,real,False
Pika_1035.mp4,/home/umflint.edu/mufarooq/Umar_local_data/GenVideo/video/fake/Pika/Pika_1035.mp4,fake,1.0953,real,False,real,False,fake,True
Pika_1036.mp4,/home/umflint.edu/mufarooq/Umar_local_data/GenVideo/video/fake/Pika/Pika_1036.mp4,fake,0.6898,real,False,real,False,real,False
Pika_1037.mp4,/home/umflint.edu/mufarooq/Umar_local_data/GenVideo/video/fake/Pika/Pika_1037.mp4,fake,1.3327,real,False,fake,True,fake,True
Pika_1038.mp4,/home/umflint.edu/mufarooq/Umar_local_data/GenVideo/video/fake/Pika/Pika_1038.mp4,fake,0.9582,real,False,real,False,fake,True
Pika_1039.mp4,/home/umflint.edu/mufarooq/Umar_local_data/GenVideo/video/fake/Pika/Pika_1039.mp4,fake,1.5708,fake,True,fake,True,fake,True
Pika_104.mp4,/home/umflint.edu/mufarooq/Umar_local_data/GenVideo/video/fake/Pika/Pika_104.mp4,fake,1.3107,real,False,fake,True,fake,True
Pika_1040.mp4,/home/umflint.edu/mufarooq/Umar_local_data/GenVideo/video/fake/Pika/Pika_1040.mp4,fake,0.245,real,False,real,False,real,False
Pika_1041.mp4,/home/umflint.edu/mufarooq/Umar_local_data/GenVideo/video/fake/Pika/Pika_1041.mp4,fake,0.4888,real,False,real,False,real,False
Pika_1042.mp4,/home/umflint.edu/mufarooq/Umar_local_data/GenVideo/video/fake/Pika/Pika_1042.mp4,fake,1.563,fake,True,fake,True,fake,True
Pika_1044.mp4,/home/umflint.edu/mufarooq/Umar_local_data/GenVideo/video/fake/Pika/Pika_1044.mp4,fake,1.5747,fake,True,fake,True,fake,True
Pika_1045.mp4,/home/umflint.edu/mufarooq/Umar_local_data/GenVideo/video/fake/Pika/Pika_1045.mp4,fake,1.557,fake,True,fake,True,fake,True
Pika_1046.mp4,/home/umflint.edu/mufarooq/Umar_local_data/GenVideo/video/fake/Pika/Pika_1046.mp4,fake,1.4503,fake,True,fake,True,fake,True
Pika_1047.mp4,/home/umflint.edu/mufarooq/Umar_local_data/GenVideo/video/fake/Pika/Pika_1047.mp4,fake,1.1896,real,False,fake,True,fake,True
Pika_1048.mp4,/home/umflint.edu/mufarooq/Umar_local_data/GenVideo/video/fake/Pika/Pika_1048.mp4,fake,1.0753,real,False,real,False,fake,True
Pika_1049.mp4,/home/umflint.edu/mufarooq/Umar_local_data/GenVideo/video/fake/Pika/Pika_1049.mp4,fake,1.5006,fake,True,fake,True,fake,True
Pika_105.mp4,/home/umflint.edu/mufarooq/Umar_local_data/GenVideo/video/fake/Pika/Pika_105.mp4,fake,0.1553,real,False,real,False,real,False
Pika_1050.mp4,/home/umflint.edu/mufarooq/Umar_local_data/GenVideo/video/fake/Pika/Pika_1050.mp4,fake,0.4152,real,False,real,False,real,False
Pika_1051.mp4,/home/umflint.edu/mufarooq/Umar_local_data/GenVideo/video/fake/Pika/Pika_1051.mp4,fake,0.897,real,False,real,False,fake,True
Pika_1053.mp4,/home/umflint.edu/mufarooq/Umar_local_data/GenVideo/video/fake/Pika/Pika_1053.mp4,fake,1.3438,real,False,fake,True,fake,True
Pika_1054.mp4,/home/umflint.edu/mufarooq/Umar_local_data/GenVideo/video/fake/Pika/Pika_1054.mp4,fake,0.4361,real,False,real,False,real,False
Pika_1055.mp4,/home/umflint.edu/mufarooq/Umar_local_data/GenVideo/video/fake/Pika/Pika_1055.mp4,fake,1.4171,real,False,fake,True,fake,True
Pika_1056.mp4,/home/umflint.edu/mufarooq/Umar_local_data/GenVideo/video/fake/Pika/Pika_1056.mp4,fake,1.3846,real,False,fake,True,fake,True
Pika_1057.mp4,/home/umflint.edu/mufarooq/Umar_local_data/GenVideo/video/fake/Pika/Pika_1057.mp4,fake,0.249,real,False,real,False,real,False
Pika_1058.mp4,/home/umflint.edu/mufarooq/Umar_local_data/GenVideo/video/fake/Pika/Pika_1058.mp4,fake,1.0074,real,False,real,False,fake,True
Pika_1059.mp4,/home/umflint.edu/mufarooq/Umar_local_data/GenVideo/video/fake/Pika/Pika_1059.mp4,fake,1.5639,fake,True,fake,True,fake,True
Pika_106.mp4,/home/umflint.edu/mufarooq/Umar_local_data/GenVideo/video/fake/Pika/Pika_106.mp4,fake,0.9707,real,False,real,False,fake,True
Pika_1060.mp4,/home/umflint.edu/mufarooq/Umar_local_data/GenVideo/video/fake/Pika/Pika_1060.mp4,fake,1.5747,fake,True,fake,True,fake,True
Pika_1061.mp4,/home/umflint.edu/mufarooq/Umar_local_data/GenVideo/video/fake/Pika/Pika_1061.mp4,fake,1.0212,real,False,real,False,fake,True
Pika_1062.mp4,/home/umflint.edu/mufarooq/Umar_local_data/GenVideo/video/fake/Pika/Pika_1062.mp4,fake,1.5439,fake,True,fake,True,fake,True
Pika_1063.mp4,/home/umflint.edu/mufarooq/Umar_local_data/GenVideo/video/fake/Pika/Pika_1063.mp4,fake,1.3049,real,False,fake,True,fake,True
Pika_1064.mp4,/home/umflint.edu/mufarooq/Umar_local_data/GenVideo/video/fake/Pika/Pika_1064.mp4,fake,1.5705,fake,True,fake,True,fake,True
Pika_1065.mp4,/home/umflint.edu/mufarooq/Umar_local_data/GenVideo/video/fake/Pika/Pika_1065.mp4,fake,1.5723,fake,True,fake,True,fake,True
Pika_1066.mp4,/home/umflint.edu/mufarooq/Umar_local_data/GenVideo/video/fake/Pika/Pika_1066.mp4,fake,1.4086,real,False,fake,True,fake,True
Pika_1067.mp4,/home/umflint.edu/mufarooq/Umar_local_data/GenVideo/video/fake/Pika/Pika_1067.mp4,fake,0.9239,real,False,real,False,fake,True
Pika_1068.mp4,/home/umflint.edu/mufarooq/Umar_local_data/GenVideo/video/fake/Pika/Pika_1068.mp4,fake,0.8949,real,False,real,False,fake,True
Pika_1069.mp4,/home/umflint.edu/mufarooq/Umar_local_data/GenVideo/video/fake/Pika/Pika_1069.mp4,fake,1.3501,real,False,fake,True,fake,True
Pika_107.mp4,/home/umflint.edu/mufarooq/Umar_local_data/GenVideo/video/fake/Pika/Pika_107.mp4,fake,0.181,real,False,real,False,real,False
Pika_1070.mp4,/home/umflint.edu/mufarooq/Umar_local_data/GenVideo/video/fake/Pika/Pika_1070.mp4,fake,0.373,real,False,real,False,real,False
Pika_1071.mp4,/home/umflint.edu/mufarooq/Umar_local_data/GenVideo/video/fake/Pika/Pika_1071.mp4,fake,1.3308,real,False,fake,True,fake,True
Pika_1072.mp4,/home/umflint.edu/mufarooq/Umar_local_data/GenVideo/video/fake/Pika/Pika_1072.mp4,fake,1.3743,real,False,fake,True,fake,True
Pika_1073.mp4,/home/umflint.edu/mufarooq/Umar_local_data/GenVideo/video/fake/Pika/Pika_1073.mp4,fake,1.3553,real,False,fake,True,fake,True
Pika_1074.mp4,/home/umflint.edu/mufarooq/Umar_local_data/GenVideo/video/fake/Pika/Pika_1074.mp4,fake,0.7826,real,False,real,False,real,False
Pika_1075.mp4,/home/umflint.edu/mufarooq/Umar_local_data/GenVideo/video/fake/Pika/Pika_1075.mp4,fake,1.3254,real,False,fake,True,fake,True
Pika_1076.mp4,/home/umflint.edu/mufarooq/Umar_local_data/GenVideo/video/fake/Pika/Pika_1076.mp4,fake,1.4861,fake,True,fake,True,fake,True
Pika_1077.mp4,/home/umflint.edu/mufarooq/Umar_local_data/GenVideo/video/fake/Pika/Pika_1077.mp4,fake,1.5669,fake,True,fake,True,fake,True
Pika_1078.mp4,/home/umflint.edu/mufarooq/Umar_local_data/GenVideo/video/fake/Pika/Pika_1078.mp4,fake,0.3106,real,False,real,False,real,False
Pika_1079.mp4,/home/umflint.edu/mufarooq/Umar_local_data/GenVideo/video/fake/Pika/Pika_1079.mp4,fake,1.5735,fake,True,fake,True,fake,True
Pika_108.mp4,/home/umflint.edu/mufarooq/Umar_local_data/GenVideo/video/fake/Pika/Pika_108.mp4,fake,1.051,real,False,real,False,fake,True
Pika_1080.mp4,/home/umflint.edu/mufarooq/Umar_local_data/GenVideo/video/fake/Pika/Pika_1080.mp4,fake,1.2718,real,False,fake,True,fake,True
Pika_1081.mp4,/home/umflint.edu/mufarooq/Umar_local_data/GenVideo/video/fake/Pika/Pika_1081.mp4,fake,0.2079,real,False,real,False,real,False
Pika_1082.mp4,/home/umflint.edu/mufarooq/Umar_local_data/GenVideo/video/fake/Pika/Pika_1082.mp4,fake,1.4836,fake,True,fake,True,fake,True
Pika_1083.mp4,/home/umflint.edu/mufarooq/Umar_local_data/GenVideo/video/fake/Pika/Pika_1083.mp4,fake,1.5582,fake,True,fake,True,fake,True
Pika_1084.mp4,/home/umflint.edu/mufarooq/Umar_local_data/GenVideo/video/fake/Pika/Pika_1084.mp4,fake,0.2537,real,False,real,False,real,False
Pika_1085.mp4,/home/umflint.edu/mufarooq/Umar_local_data/GenVideo/video/fake/Pika/Pika_1085.mp4,fake,0.5792,real,False,real,False,real,False
Pika_1086.mp4,/home/umflint.edu/mufarooq/Umar_local_data/GenVideo/video/fake/Pika/Pika_1086.mp4,fake,1.4564,fake,True,fake,True,fake,True
Pika_1087.mp4,/home/umflint.edu/mufarooq/Umar_local_data/GenVideo/video/fake/Pika/Pika_1087.mp4,fake,0.8131,real,False,real,False,real,False
MorphStudio_1.mp4,/home/umflint.edu/mufarooq/Umar_local_data/GenVideo/video/fake/MorphStudio/MorphStudio_1.mp4,fake,1.2871,real,False,fake,True,fake,True
MorphStudio_10.mp4,/home/umflint.edu/mufarooq/Umar_local_data/GenVideo/video/fake/MorphStudio/MorphStudio_10.mp4,fake,0.2438,real,False,real,False,real,False
MorphStudio_100.mp4,/home/umflint.edu/mufarooq/Umar_local_data/GenVideo/video/fake/MorphStudio/MorphStudio_100.mp4,fake,0.194,real,False,real,False,real,False
MorphStudio_101.mp4,/home/umflint.edu/mufarooq/Umar_local_data/GenVideo/video/fake/MorphStudio/MorphStudio_101.mp4,fake,1.0357,real,False,real,False,fake,True
MorphStudio_102.mp4,/home/umflint.edu/mufarooq/Umar_local_data/GenVideo/video/fake/MorphStudio/MorphStudio_102.mp4,fake,0.9885,real,False,real,False,fake,True
MorphStudio_103.mp4,/home/umflint.edu/mufarooq/Umar_local_data/GenVideo/video/fake/MorphStudio/MorphStudio_103.mp4,fake,0.2114,real,False,real,False,real,False
MorphStudio_104.mp4,/home/umflint.edu/mufarooq/Umar_local_data/GenVideo/video/fake/MorphStudio/MorphStudio_104.mp4,fake,0.1718,real,False,real,False,real,False
MorphStudio_105.mp4,/home/umflint.edu/mufarooq/Umar_local_data/GenVideo/video/fake/MorphStudio/MorphStudio_105.mp4,fake,0.7534,real,False,real,False,real,False
MorphStudio_106.mp4,/home/umflint.edu/mufarooq/Umar_local_data/GenVideo/video/fake/MorphStudio/MorphStudio_106.mp4,fake,0.1552,real,False,real,False,real,False
MorphStudio_107.mp4,/home/umflint.edu/mufarooq/Umar_local_data/GenVideo/video/fake/MorphStudio/MorphStudio_107.mp4,fake,0.1383,real,False,real,False,real,False
MorphStudio_108.mp4,/home/umflint.edu/mufarooq/Umar_local_data/GenVideo/video/fake/MorphStudio/MorphStudio_108.mp4,fake,0.546,real,False,real,False,real,False
MorphStudio_109.mp4,/home/umflint.edu/mufarooq/Umar_local_data/GenVideo/video/fake/MorphStudio/MorphStudio_109.mp4,fake,0.1129,real,False,real,False,real,False
MorphStudio_11.mp4,/home/umflint.edu/mufarooq/Umar_local_data/GenVideo/video/fake/MorphStudio/MorphStudio_11.mp4,fake,1.5231,fake,True,fake,True,fake,True
MorphStudio_110.mp4,/home/umflint.edu/mufarooq/Umar_local_data/GenVideo/video/fake/MorphStudio/MorphStudio_110.mp4,fake,0.3332,real,False,real,False,real,False
MorphStudio_111.mp4,/home/umflint.edu/mufarooq/Umar_local_data/GenVideo/video/fake/MorphStudio/MorphStudio_111.mp4,fake,0.1156,real,False,real,False,real,False
MorphStudio_112.mp4,/home/umflint.edu/mufarooq/Umar_local_data/GenVideo/video/fake/MorphStudio/MorphStudio_112.mp4,fake,0.1775,real,False,real,False,real,False
MorphStudio_113.mp4,/home/umflint.edu/mufarooq/Umar_local_data/GenVideo/video/fake/MorphStudio/MorphStudio_113.mp4,fake,0.6934,real,False,real,False,real,False
MorphStudio_114.mp4,/home/umflint.edu/mufarooq/Umar_local_data/GenVideo/video/fake/MorphStudio/MorphStudio_114.mp4,fake,0.8079,real,False,real,False,real,False
MorphStudio_115.mp4,/home/umflint.edu/mufarooq/Umar_local_data/GenVideo/video/fake/MorphStudio/MorphStudio_115.mp4,fake,0.3951,real,False,real,False,real,False
MorphStudio_116.mp4,/home/umflint.edu/mufarooq/Umar_local_data/GenVideo/video/fake/MorphStudio/MorphStudio_116.mp4,fake,1.527,fake,True,fake,True,fake,True
MorphStudio_117.mp4,/home/umflint.edu/mufarooq/Umar_local_data/GenVideo/video/fake/MorphStudio/MorphStudio_117.mp4,fake,1.5463,fake,True,fake,True,fake,True
MorphStudio_118.mp4,/home/umflint.edu/mufarooq/Umar_local_data/GenVideo/video/fake/MorphStudio/MorphStudio_118.mp4,fake,0.4045,real,False,real,False,real,False
MorphStudio_119.mp4,/home/umflint.edu/mufarooq/Umar_local_data/GenVideo/video/fake/MorphStudio/MorphStudio_119.mp4,fake,0.3192,real,False,real,False,real,False
MorphStudio_12.mp4,/home/umflint.edu/mufarooq/Umar_local_data/GenVideo/video/fake/MorphStudio/MorphStudio_12.mp4,fake,0.2134,real,False,real,False,real,False
MorphStudio_120.mp4,/home/umflint.edu/mufarooq/Umar_local_data/GenVideo/video/fake/MorphStudio/MorphStudio_120.mp4,fake,0.8117,real,False,real,False,real,False
MorphStudio_121.mp4,/home/umflint.edu/mufarooq/Umar_local_data/GenVideo/video/fake/MorphStudio/MorphStudio_121.mp4,fake,0.1412,real,False,real,False,real,False
MorphStudio_122.mp4,/home/umflint.edu/mufarooq/Umar_local_data/GenVideo/video/fake/MorphStudio/MorphStudio_122.mp4,fake,0.8622,real,False,real,False,fake,True
MorphStudio_123.mp4,/home/umflint.edu/mufarooq/Umar_local_data/GenVideo/video/fake/MorphStudio/MorphStudio_123.mp4,fake,1.2334,real,False,fake,True,fake,True
MorphStudio_124.mp4,/home/umflint.edu/mufarooq/Umar_local_data/GenVideo/video/fake/MorphStudio/MorphStudio_124.mp4,fake,1.456,fake,True,fake,True,fake,True
MorphStudio_125.mp4,/home/umflint.edu/mufarooq/Umar_local_data/GenVideo/video/fake/MorphStudio/MorphStudio_125.mp4,fake,0.5756,real,False,real,False,real,False
MorphStudio_126.mp4,/home/umflint.edu/mufarooq/Umar_local_data/GenVideo/video/fake/MorphStudio/MorphStudio_126.mp4,fake,0.656,real,False,real,False,real,False
MorphStudio_127.mp4,/home/umflint.edu/mufarooq/Umar_local_data/GenVideo/video/fake/MorphStudio/MorphStudio_127.mp4,fake,1.4814,fake,True,fake,True,fake,True
MorphStudio_128.mp4,/home/umflint.edu/mufarooq/Umar_local_data/GenVideo/video/fake/MorphStudio/MorphStudio_128.mp4,fake,0.2232,real,False,real,False,real,False
MorphStudio_129.mp4,/home/umflint.edu/mufarooq/Umar_local_data/GenVideo/video/fake/MorphStudio/MorphStudio_129.mp4,fake,0.6667,real,False,real,False,real,False
MorphStudio_13.mp4,/home/umflint.edu/mufarooq/Umar_local_data/GenVideo/video/fake/MorphStudio/MorphStudio_13.mp4,fake,1.5635,fake,True,fake,True,fake,True
MorphStudio_130.mp4,/home/umflint.edu/mufarooq/Umar_local_data/GenVideo/video/fake/MorphStudio/MorphStudio_130.mp4,fake,1.5737,fake,True,fake,True,fake,True
MorphStudio_131.mp4,/home/umflint.edu/mufarooq/Umar_local_data/GenVideo/video/fake/MorphStudio/MorphStudio_131.mp4,fake,0.32,real,False,real,False,real,False
MorphStudio_132.mp4,/home/umflint.edu/mufarooq/Umar_local_data/GenVideo/video/fake/MorphStudio/MorphStudio_132.mp4,fake,1.5327,fake,True,fake,True,fake,True
MorphStudio_133.mp4,/home/umflint.edu/mufarooq/Umar_local_data/GenVideo/video/fake/MorphStudio/MorphStudio_133.mp4,fake,0.6882,real,False,real,False,real,False
MorphStudio_134.mp4,/home/umflint.edu/mufarooq/Umar_local_data/GenVideo/video/fake/MorphStudio/MorphStudio_134.mp4,fake,0.7463,real,False,real,False,real,False
MorphStudio_135.mp4,/home/umflint.edu/mufarooq/Umar_local_data/GenVideo/video/fake/MorphStudio/MorphStudio_135.mp4,fake,1.4046,real,False,fake,True,fake,True
MorphStudio_136.mp4,/home/umflint.edu/mufarooq/Umar_local_data/GenVideo/video/fake/MorphStudio/MorphStudio_136.mp4,fake,1.342,real,False,fake,True,fake,True
MorphStudio_137.mp4,/home/umflint.edu/mufarooq/Umar_local_data/GenVideo/video/fake/MorphStudio/MorphStudio_137.mp4,fake,1.5643,fake,True,fake,True,fake,True
MorphStudio_138.mp4,/home/umflint.edu/mufarooq/Umar_local_data/GenVideo/video/fake/MorphStudio/MorphStudio_138.mp4,fake,0.4434,real,False,real,False,real,False
MorphStudio_139.mp4,/home/umflint.edu/mufarooq/Umar_local_data/GenVideo/video/fake/MorphStudio/MorphStudio_139.mp4,fake,0.4011,real,False,real,False,real,False
MorphStudio_14.mp4,/home/umflint.edu/mufarooq/Umar_local_data/GenVideo/video/fake/MorphStudio/MorphStudio_14.mp4,fake,1.2093,real,False,fake,True,fake,True
MorphStudio_140.mp4,/home/umflint.edu/mufarooq/Umar_local_data/GenVideo/video/fake/MorphStudio/MorphStudio_140.mp4,fake,0.3849,real,False,real,False,real,False
MorphStudio_141.mp4,/home/umflint.edu/mufarooq/Umar_local_data/GenVideo/video/fake/MorphStudio/MorphStudio_141.mp4,fake,1.3925,real,False,fake,True,fake,True
MorphStudio_142.mp4,/home/umflint.edu/mufarooq/Umar_local_data/GenVideo/video/fake/MorphStudio/MorphStudio_142.mp4,fake,0.2097,real,False,real,False,real,False
MorphStudio_143.mp4,/home/umflint.edu/mufarooq/Umar_local_data/GenVideo/video/fake/MorphStudio/MorphStudio_143.mp4,fake,0.3691,real,False,real,False,real,False
MorphStudio_144.mp4,/home/umflint.edu/mufarooq/Umar_local_data/GenVideo/video/fake/MorphStudio/MorphStudio_144.mp4,fake,0.1888,real,False,real,False,real,False
MorphStudio_145.mp4,/home/umflint.edu/mufarooq/Umar_local_data/GenVideo/video/fake/MorphStudio/MorphStudio_145.mp4,fake,1.4726,fake,True,fake,True,fake,True
MorphStudio_146.mp4,/home/umflint.edu/mufarooq/Umar_local_data/GenVideo/video/fake/MorphStudio/MorphStudio_146.mp4,fake,1.3931,real,False,fake,True,fake,True
MorphStudio_147.mp4,/home/umflint.edu/mufarooq/Umar_local_data/GenVideo/video/fake/MorphStudio/MorphStudio_147.mp4,fake,1.3438,real,False,fake,True,fake,True
MorphStudio_148.mp4,/home/umflint.edu/mufarooq/Umar_local_data/GenVideo/video/fake/MorphStudio/MorphStudio_148.mp4,fake,0.5634,real,False,real,False,real,False
MorphStudio_149.mp4,/home/umflint.edu/mufarooq/Umar_local_data/GenVideo/video/fake/MorphStudio/MorphStudio_149.mp4,fake,0.1723,real,False,real,False,real,False
MorphStudio_15.mp4,/home/umflint.edu/mufarooq/Umar_local_data/GenVideo/video/fake/MorphStudio/MorphStudio_15.mp4,fake,0.2315,real,False,real,False,real,False
MorphStudio_150.mp4,/home/umflint.edu/mufarooq/Umar_local_data/GenVideo/video/fake/MorphStudio/MorphStudio_150.mp4,fake,1.5642,fake,True,fake,True,fake,True
MorphStudio_151.mp4,/home/umflint.edu/mufarooq/Umar_local_data/GenVideo/video/fake/MorphStudio/MorphStudio_151.mp4,fake,1.5747,fake,True,fake,True,fake,True
MorphStudio_152.mp4,/home/umflint.edu/mufarooq/Umar_local_data/GenVideo/video/fake/MorphStudio/MorphStudio_152.mp4,fake,0.2095,real,False,real,False,real,False
MorphStudio_153.mp4,/home/umflint.edu/mufarooq/Umar_local_data/GenVideo/video/fake/MorphStudio/MorphStudio_153.mp4,fake,1.5024,fake,True,fake,True,fake,True
MorphStudio_154.mp4,/home/umflint.edu/mufarooq/Umar_local_data/GenVideo/video/fake/MorphStudio/MorphStudio_154.mp4,fake,0.8842,real,False,real,False,fake,True
MorphStudio_155.mp4,/home/umflint.edu/mufarooq/Umar_local_data/GenVideo/video/fake/MorphStudio/MorphStudio_155.mp4,fake,1.5055,fake,True,fake,True,fake,True
MorphStudio_156.mp4,/home/umflint.edu/mufarooq/Umar_local_data/GenVideo/video/fake/MorphStudio/MorphStudio_156.mp4,fake,0.2134,real,False,real,False,real,False
MorphStudio_157.mp4,/home/umflint.edu/mufarooq/Umar_local_data/GenVideo/video/fake/MorphStudio/MorphStudio_157.mp4,fake,0.7899,real,False,real,False,real,False
MorphStudio_158.mp4,/home/umflint.edu/mufarooq/Umar_local_data/GenVideo/video/fake/MorphStudio/MorphStudio_158.mp4,fake,0.3076,real,False,real,False,real,False
MorphStudio_159.mp4,/home/umflint.edu/mufarooq/Umar_local_data/GenVideo/video/fake/MorphStudio/MorphStudio_159.mp4,fake,1.5403,fake,True,fake,True,fake,True
MorphStudio_16.mp4,/home/umflint.edu/mufarooq/Umar_local_data/GenVideo/video/fake/MorphStudio/MorphStudio_16.mp4,fake,0.203,real,False,real,False,real,False
MorphStudio_160.mp4,/home/umflint.edu/mufarooq/Umar_local_data/GenVideo/video/fake/MorphStudio/MorphStudio_160.mp4,fake,0.3122,real,False,real,False,real,False
MorphStudio_161.mp4,/home/umflint.edu/mufarooq/Umar_local_data/GenVideo/video/fake/MorphStudio/MorphStudio_161.mp4,fake,1.5718,fake,True,fake,True,fake,True
MorphStudio_162.mp4,/home/umflint.edu/mufarooq/Umar_local_data/GenVideo/video/fake/MorphStudio/MorphStudio_162.mp4,fake,1.5464,fake,True,fake,True,fake,True
MorphStudio_163.mp4,/home/umflint.edu/mufarooq/Umar_local_data/GenVideo/video/fake/MorphStudio/MorphStudio_163.mp4,fake,1.5537,fake,True,fake,True,fake,True
MorphStudio_164.mp4,/home/umflint.edu/mufarooq/Umar_local_data/GenVideo/video/fake/MorphStudio/MorphStudio_164.mp4,fake,1.4908,fake,True,fake,True,fake,True
MorphStudio_165.mp4,/home/umflint.edu/mufarooq/Umar_local_data/GenVideo/video/fake/MorphStudio/MorphStudio_165.mp4,fake,0.8852,real,False,real,False,fake,True
MorphStudio_166.mp4,/home/umflint.edu/mufarooq/Umar_local_data/GenVideo/video/fake/MorphStudio/MorphStudio_166.mp4,fake,1.0574,real,False,real,False,fake,True
MorphStudio_167.mp4,/home/umflint.edu/mufarooq/Umar_local_data/GenVideo/video/fake/MorphStudio/MorphStudio_167.mp4,fake,1.5149,fake,True,fake,True,fake,True
MorphStudio_168.mp4,/home/umflint.edu/mufarooq/Umar_local_data/GenVideo/video/fake/MorphStudio/MorphStudio_168.mp4,fake,1.0687,real,False,real,False,fake,True
MorphStudio_169.mp4,/home/umflint.edu/mufarooq/Umar_local_data/GenVideo/video/fake/MorphStudio/MorphStudio_169.mp4,fake,1.5724,fake,True,fake,True,fake,True
MorphStudio_17.mp4,/home/umflint.edu/mufarooq/Umar_local_data/GenVideo/video/fake/MorphStudio/MorphStudio_17.mp4,fake,1.4547,fake,True,fake,True,fake,True
MorphStudio_170.mp4,/home/umflint.edu/mufarooq/Umar_local_data/GenVideo/video/fake/MorphStudio/MorphStudio_170.mp4,fake,1.3383,real,False,fake,True,fake,True
MorphStudio_171.mp4,/home/umflint.edu/mufarooq/Umar_local_data/GenVideo/video/fake/MorphStudio/MorphStudio_171.mp4,fake,0.1957,real,False,real,False,real,False
MorphStudio_172.mp4,/home/umflint.edu/mufarooq/Umar_local_data/GenVideo/video/fake/MorphStudio/MorphStudio_172.mp4,fake,1.3524,real,False,fake,True,fake,True
MorphStudio_173.mp4,/home/umflint.edu/mufarooq/Umar_local_data/GenVideo/video/fake/MorphStudio/MorphStudio_173.mp4,fake,1.2193,real,False,fake,True,fake,True
MorphStudio_174.mp4,/home/umflint.edu/mufarooq/Umar_local_data/GenVideo/video/fake/MorphStudio/MorphStudio_174.mp4,fake,0.225,real,False,real,False,real,False
MorphStudio_175.mp4,/home/umflint.edu/mufarooq/Umar_local_data/GenVideo/video/fake/MorphStudio/MorphStudio_175.mp4,fake,0.1058,real,False,real,False,real,False
MorphStudio_176.mp4,/home/umflint.edu/mufarooq/Umar_local_data/GenVideo/video/fake/MorphStudio/MorphStudio_176.mp4,fake,1.5686,fake,True,fake,True,fake,True
MorphStudio_177.mp4,/home/umflint.edu/mufarooq/Umar_local_data/GenVideo/video/fake/MorphStudio/MorphStudio_177.mp4,fake,0.6649,real,False,real,False,real,False
MorphStudio_178.mp4,/home/umflint.edu/mufarooq/Umar_local_data/GenVideo/video/fake/MorphStudio/MorphStudio_178.mp4,fake,0.963,real,False,real,False,fake,True
MorphStudio_179.mp4,/home/umflint.edu/mufarooq/Umar_local_data/GenVideo/video/fake/MorphStudio/MorphStudio_179.mp4,fake,0.1938,real,False,real,False,real,False
MorphStudio_18.mp4,/home/umflint.edu/mufarooq/Umar_local_data/GenVideo/video/fake/MorphStudio/MorphStudio_18.mp4,fake,0.297,real,False,real,False,real,False
MorphStudio_180.mp4,/home/umflint.edu/mufarooq/Umar_local_data/GenVideo/video/fake/MorphStudio/MorphStudio_180.mp4,fake,0.2081,real,False,real,False,real,False
MorphStudio_181.mp4,/home/umflint.edu/mufarooq/Umar_local_data/GenVideo/video/fake/MorphStudio/MorphStudio_181.mp4,fake,0.4046,real,False,real,False,real,False
MorphStudio_182.mp4,/home/umflint.edu/mufarooq/Umar_local_data/GenVideo/video/fake/MorphStudio/MorphStudio_182.mp4,fake,0.8677,real,False,real,False,fake,True
MorphStudio_183.mp4,/home/umflint.edu/mufarooq/Umar_local_data/GenVideo/video/fake/MorphStudio/MorphStudio_183.mp4,fake,0.1952,real,False,real,False,real,False
MorphStudio_184.mp4,/home/umflint.edu/mufarooq/Umar_local_data/GenVideo/video/fake/MorphStudio/MorphStudio_184.mp4,fake,1.5341,fake,True,fake,True,fake,True
MorphStudio_185.mp4,/home/umflint.edu/mufarooq/Umar_local_data/GenVideo/video/fake/MorphStudio/MorphStudio_185.mp4,fake,1.3306,real,False,fake,True,fake,True
MorphStudio_186.mp4,/home/umflint.edu/mufarooq/Umar_local_data/GenVideo/video/fake/MorphStudio/MorphStudio_186.mp4,fake,0.1043,real,False,real,False,real,False
MorphStudio_187.mp4,/home/umflint.edu/mufarooq/Umar_local_data/GenVideo/video/fake/MorphStudio/MorphStudio_187.mp4,fake,1.0891,real,False,real,False,fake,True
MorphStudio_188.mp4,/home/umflint.edu/mufarooq/Umar_local_data/GenVideo/video/fake/MorphStudio/MorphStudio_188.mp4,fake,0.1037,real,False,real,False,real,False
MorphStudio_189.mp4,/home/umflint.edu/mufarooq/Umar_local_data/GenVideo/video/fake/MorphStudio/MorphStudio_189.mp4,fake,0.1879,real,False,real,False,real,False
Crafter_1.mp4,/home/umflint.edu/mufarooq/Umar_local_data/GenVideo/video/fake/Crafter/Crafter_1.mp4,fake,0.8364,real,False,real,False,real,False
Crafter_10.mp4,/home/umflint.edu/mufarooq/Umar_local_data/GenVideo/video/fake/Crafter/Crafter_10.mp4,fake,0.4218,real,False,real,False,real,False
Crafter_100.mp4,/home/umflint.edu/mufarooq/Umar_local_data/GenVideo/video/fake/Crafter/Crafter_100.mp4,fake,1.2935,real,False,fake,True,fake,True
Crafter_1000.mp4,/home/umflint.edu/mufarooq/Umar_local_data/GenVideo/video/fake/Crafter/Crafter_1000.mp4,fake,0.7398,real,False,real,False,real,False
Crafter_1001.mp4,/home/umflint.edu/mufarooq/Umar_local_data/GenVideo/video/fake/Crafter/Crafter_1001.mp4,fake,1.1648,real,False,fake,True,fake,True
Crafter_1002.mp4,/home/umflint.edu/mufarooq/Umar_local_data/GenVideo/video/fake/Crafter/Crafter_1002.mp4,fake,1.2751,real,False,fake,True,fake,True
Crafter_1003.mp4,/home/umflint.edu/mufarooq/Umar_local_data/GenVideo/video/fake/Crafter/Crafter_1003.mp4,fake,1.4634,fake,True,fake,True,fake,True
Crafter_1004.mp4,/home/umflint.edu/mufarooq/Umar_local_data/GenVideo/video/fake/Crafter/Crafter_1004.mp4,fake,1.473,fake,True,fake,True,fake,True
Crafter_1005.mp4,/home/umflint.edu/mufarooq/Umar_local_data/GenVideo/video/fake/Crafter/Crafter_1005.mp4,fake,1.5711,fake,True,fake,True,fake,True
Crafter_1006.mp4,/home/umflint.edu/mufarooq/Umar_local_data/GenVideo/video/fake/Crafter/Crafter_1006.mp4,fake,1.541,fake,True,fake,True,fake,True
Crafter_1007.mp4,/home/umflint.edu/mufarooq/Umar_local_data/GenVideo/video/fake/Crafter/Crafter_1007.mp4,fake,1.2309,real,False,fake,True,fake,True
Crafter_1008.mp4,/home/umflint.edu/mufarooq/Umar_local_data/GenVideo/video/fake/Crafter/Crafter_1008.mp4,fake,1.4972,fake,True,fake,True,fake,True
Crafter_1009.mp4,/home/umflint.edu/mufarooq/Umar_local_data/GenVideo/video/fake/Crafter/Crafter_1009.mp4,fake,1.5072,fake,True,fake,True,fake,True
Crafter_101.mp4,/home/umflint.edu/mufarooq/Umar_local_data/GenVideo/video/fake/Crafter/Crafter_101.mp4,fake,0.1589,real,False,real,False,real,False
Crafter_1010.mp4,/home/umflint.edu/mufarooq/Umar_local_data/GenVideo/video/fake/Crafter/Crafter_1010.mp4,fake,1.5727,fake,True,fake,True,fake,True
Crafter_1011.mp4,/home/umflint.edu/mufarooq/Umar_local_data/GenVideo/video/fake/Crafter/Crafter_1011.mp4,fake,1.3641,real,False,fake,True,fake,True
Crafter_1012.mp4,/home/umflint.edu/mufarooq/Umar_local_data/GenVideo/video/fake/Crafter/Crafter_1012.mp4,fake,0.4988,real,False,real,False,real,False
Crafter_1013.mp4,/home/umflint.edu/mufarooq/Umar_local_data/GenVideo/video/fake/Crafter/Crafter_1013.mp4,fake,1.5517,fake,True,fake,True,fake,True
Crafter_1014.mp4,/home/umflint.edu/mufarooq/Umar_local_data/GenVideo/video/fake/Crafter/Crafter_1014.mp4,fake,1.5709,fake,True,fake,True,fake,True
Crafter_1015.mp4,/home/umflint.edu/mufarooq/Umar_local_data/GenVideo/video/fake/Crafter/Crafter_1015.mp4,fake,0.7535,real,False,real,False,real,False
Crafter_1016.mp4,/home/umflint.edu/mufarooq/Umar_local_data/GenVideo/video/fake/Crafter/Crafter_1016.mp4,fake,1.5734,fake,True,fake,True,fake,True
Crafter_1017.mp4,/home/umflint.edu/mufarooq/Umar_local_data/GenVideo/video/fake/Crafter/Crafter_1017.mp4,fake,1.5716,fake,True,fake,True,fake,True
Crafter_1018.mp4,/home/umflint.edu/mufarooq/Umar_local_data/GenVideo/video/fake/Crafter/Crafter_1018.mp4,fake,1.3869,real,False,fake,True,fake,True
Crafter_1019.mp4,/home/umflint.edu/mufarooq/Umar_local_data/GenVideo/video/fake/Crafter/Crafter_1019.mp4,fake,1.5729,fake,True,fake,True,fake,True
Crafter_102.mp4,/home/umflint.edu/mufarooq/Umar_local_data/GenVideo/video/fake/Crafter/Crafter_102.mp4,fake,1.3088,real,False,fake,True,fake,True
Crafter_1020.mp4,/home/umflint.edu/mufarooq/Umar_local_data/GenVideo/video/fake/Crafter/Crafter_1020.mp4,fake,1.5192,fake,True,fake,True,fake,True
Crafter_1021.mp4,/home/umflint.edu/mufarooq/Umar_local_data/GenVideo/video/fake/Crafter/Crafter_1021.mp4,fake,1.5674,fake,True,fake,True,fake,True
Crafter_1022.mp4,/home/umflint.edu/mufarooq/Umar_local_data/GenVideo/video/fake/Crafter/Crafter_1022.mp4,fake,1.5721,fake,True,fake,True,fake,True
Crafter_1023.mp4,/home/umflint.edu/mufarooq/Umar_local_data/GenVideo/video/fake/Crafter/Crafter_1023.mp4,fake,0.7096,real,False,real,False,real,False
Crafter_1024.mp4,/home/umflint.edu/mufarooq/Umar_local_data/GenVideo/video/fake/Crafter/Crafter_1024.mp4,fake,0.238,real,False,real,False,real,False
Crafter_1025.mp4,/home/umflint.edu/mufarooq/Umar_local_data/GenVideo/video/fake/Crafter/Crafter_1025.mp4,fake,1.5614,fake,True,fake,True,fake,True
Crafter_1026.mp4,/home/umflint.edu/mufarooq/Umar_local_data/GenVideo/video/fake/Crafter/Crafter_1026.mp4,fake,1.3744,real,False,fake,True,fake,True
Crafter_1027.mp4,/home/umflint.edu/mufarooq/Umar_local_data/GenVideo/video/fake/Crafter/Crafter_1027.mp4,fake,1.5074,fake,True,fake,True,fake,True
Crafter_1028.mp4,/home/umflint.edu/mufarooq/Umar_local_data/GenVideo/video/fake/Crafter/Crafter_1028.mp4,fake,0.7402,real,False,real,False,real,False
Crafter_1029.mp4,/home/umflint.edu/mufarooq/Umar_local_data/GenVideo/video/fake/Crafter/Crafter_1029.mp4,fake,1.3254,real,False,fake,True,fake,True
Crafter_103.mp4,/home/umflint.edu/mufarooq/Umar_local_data/GenVideo/video/fake/Crafter/Crafter_103.mp4,fake,0.5427,real,False,real,False,real,False
Crafter_1030.mp4,/home/umflint.edu/mufarooq/Umar_local_data/GenVideo/video/fake/Crafter/Crafter_1030.mp4,fake,1.5039,fake,True,fake,True,fake,True
Crafter_1031.mp4,/home/umflint.edu/mufarooq/Umar_local_data/GenVideo/video/fake/Crafter/Crafter_1031.mp4,fake,0.6601,real,False,real,False,real,False
Crafter_1032.mp4,/home/umflint.edu/mufarooq/Umar_local_data/GenVideo/video/fake/Crafter/Crafter_1032.mp4,fake,1.4464,fake,True,fake,True,fake,True
Crafter_1033.mp4,/home/umflint.edu/mufarooq/Umar_local_data/GenVideo/video/fake/Crafter/Crafter_1033.mp4,fake,1.5705,fake,True,fake,True,fake,True
Crafter_1034.mp4,/home/umflint.edu/mufarooq/Umar_local_data/GenVideo/video/fake/Crafter/Crafter_1034.mp4,fake,1.3091,real,False,fake,True,fake,True
Crafter_1035.mp4,/home/umflint.edu/mufarooq/Umar_local_data/GenVideo/video/fake/Crafter/Crafter_1035.mp4,fake,1.4866,fake,True,fake,True,fake,True
Crafter_1036.mp4,/home/umflint.edu/mufarooq/Umar_local_data/GenVideo/video/fake/Crafter/Crafter_1036.mp4,fake,1.0063,real,False,real,False,fake,True
Crafter_1037.mp4,/home/umflint.edu/mufarooq/Umar_local_data/GenVideo/video/fake/Crafter/Crafter_1037.mp4,fake,1.0666,real,False,real,False,fake,True
Crafter_1038.mp4,/home/umflint.edu/mufarooq/Umar_local_data/GenVideo/video/fake/Crafter/Crafter_1038.mp4,fake,1.572,fake,True,fake,True,fake,True
Crafter_1039.mp4,/home/umflint.edu/mufarooq/Umar_local_data/GenVideo/video/fake/Crafter/Crafter_1039.mp4,fake,1.5335,fake,True,fake,True,fake,True
Crafter_104.mp4,/home/umflint.edu/mufarooq/Umar_local_data/GenVideo/video/fake/Crafter/Crafter_104.mp4,fake,1.3675,real,False,fake,True,fake,True
Crafter_1040.mp4,/home/umflint.edu/mufarooq/Umar_local_data/GenVideo/video/fake/Crafter/Crafter_1040.mp4,fake,0.7435,real,False,real,False,real,False
Crafter_1041.mp4,/home/umflint.edu/mufarooq/Umar_local_data/GenVideo/video/fake/Crafter/Crafter_1041.mp4,fake,0.7869,real,False,real,False,real,False
Crafter_1042.mp4,/home/umflint.edu/mufarooq/Umar_local_data/GenVideo/video/fake/Crafter/Crafter_1042.mp4,fake,1.5747,fake,True,fake,True,fake,True
Crafter_1043.mp4,/home/umflint.edu/mufarooq/Umar_local_data/GenVideo/video/fake/Crafter/Crafter_1043.mp4,fake,0.5637,real,False,real,False,real,False
Crafter_1044.mp4,/home/umflint.edu/mufarooq/Umar_local_data/GenVideo/video/fake/Crafter/Crafter_1044.mp4,fake,1.4749,fake,True,fake,True,fake,True
Crafter_1045.mp4,/home/umflint.edu/mufarooq/Umar_local_data/GenVideo/video/fake/Crafter/Crafter_1045.mp4,fake,1.5708,fake,True,fake,True,fake,True
Crafter_1046.mp4,/home/umflint.edu/mufarooq/Umar_local_data/GenVideo/video/fake/Crafter/Crafter_1046.mp4,fake,1.0022,real,False,real,False,fake,True
Crafter_1047.mp4,/home/umflint.edu/mufarooq/Umar_local_data/GenVideo/video/fake/Crafter/Crafter_1047.mp4,fake,0.3978,real,False,real,False,real,False
Crafter_1048.mp4,/home/umflint.edu/mufarooq/Umar_local_data/GenVideo/video/fake/Crafter/Crafter_1048.mp4,fake,1.4837,fake,True,fake,True,fake,True
Crafter_1049.mp4,/home/umflint.edu/mufarooq/Umar_local_data/GenVideo/video/fake/Crafter/Crafter_1049.mp4,fake,0.1572,real,False,real,False,real,False
Crafter_105.mp4,/home/umflint.edu/mufarooq/Umar_local_data/GenVideo/video/fake/Crafter/Crafter_105.mp4,fake,1.0681,real,False,real,False,fake,True
Crafter_1050.mp4,/home/umflint.edu/mufarooq/Umar_local_data/GenVideo/video/fake/Crafter/Crafter_1050.mp4,fake,1.0744,real,False,real,False,fake,True
Crafter_1051.mp4,/home/umflint.edu/mufarooq/Umar_local_data/GenVideo/video/fake/Crafter/Crafter_1051.mp4,fake,1.4819,fake,True,fake,True,fake,True
Crafter_1052.mp4,/home/umflint.edu/mufarooq/Umar_local_data/GenVideo/video/fake/Crafter/Crafter_1052.mp4,fake,1.5747,fake,True,fake,True,fake,True
Crafter_1053.mp4,/home/umflint.edu/mufarooq/Umar_local_data/GenVideo/video/fake/Crafter/Crafter_1053.mp4,fake,1.5683,fake,True,fake,True,fake,True
Crafter_1054.mp4,/home/umflint.edu/mufarooq/Umar_local_data/GenVideo/video/fake/Crafter/Crafter_1054.mp4,fake,1.5743,fake,True,fake,True,fake,True
Crafter_1055.mp4,/home/umflint.edu/mufarooq/Umar_local_data/GenVideo/video/fake/Crafter/Crafter_1055.mp4,fake,1.5747,fake,True,fake,True,fake,True
Crafter_1056.mp4,/home/umflint.edu/mufarooq/Umar_local_data/GenVideo/video/fake/Crafter/Crafter_1056.mp4,fake,1.0923,real,False,real,False,fake,True
Crafter_1057.mp4,/home/umflint.edu/mufarooq/Umar_local_data/GenVideo/video/fake/Crafter/Crafter_1057.mp4,fake,1.5542,fake,True,fake,True,fake,True
Crafter_1058.mp4,/home/umflint.edu/mufarooq/Umar_local_data/GenVideo/video/fake/Crafter/Crafter_1058.mp4,fake,1.3868,real,False,fake,True,fake,True
Crafter_1059.mp4,/home/umflint.edu/mufarooq/Umar_local_data/GenVideo/video/fake/Crafter/Crafter_1059.mp4,fake,0.6372,real,False,real,False,real,False
Crafter_106.mp4,/home/umflint.edu/mufarooq/Umar_local_data/GenVideo/video/fake/Crafter/Crafter_106.mp4,fake,0.8592,real,False,real,False,fake,True
Crafter_1060.mp4,/home/umflint.edu/mufarooq/Umar_local_data/GenVideo/video/fake/Crafter/Crafter_1060.mp4,fake,1.1245,real,False,real,False,fake,True
Crafter_1061.mp4,/home/umflint.edu/mufarooq/Umar_local_data/GenVideo/video/fake/Crafter/Crafter_1061.mp4,fake,1.5042,fake,True,fake,True,fake,True
Crafter_1062.mp4,/home/umflint.edu/mufarooq/Umar_local_data/GenVideo/video/fake/Crafter/Crafter_1062.mp4,fake,0.3851,real,False,real,False,real,False
Crafter_1063.mp4,/home/umflint.edu/mufarooq/Umar_local_data/GenVideo/video/fake/Crafter/Crafter_1063.mp4,fake,0.4864,real,False,real,False,real,False
Crafter_1064.mp4,/home/umflint.edu/mufarooq/Umar_local_data/GenVideo/video/fake/Crafter/Crafter_1064.mp4,fake,0.2298,real,False,real,False,real,False
Crafter_1065.mp4,/home/umflint.edu/mufarooq/Umar_local_data/GenVideo/video/fake/Crafter/Crafter_1065.mp4,fake,1.5115,fake,True,fake,True,fake,True
Crafter_1066.mp4,/home/umflint.edu/mufarooq/Umar_local_data/GenVideo/video/fake/Crafter/Crafter_1066.mp4,fake,1.5059,fake,True,fake,True,fake,True
Crafter_1067.mp4,/home/umflint.edu/mufarooq/Umar_local_data/GenVideo/video/fake/Crafter/Crafter_1067.mp4,fake,1.5687,fake,True,fake,True,fake,True
Crafter_1068.mp4,/home/umflint.edu/mufarooq/Umar_local_data/GenVideo/video/fake/Crafter/Crafter_1068.mp4,fake,1.1095,real,False,real,False,fake,True
Crafter_1069.mp4,/home/umflint.edu/mufarooq/Umar_local_data/GenVideo/video/fake/Crafter/Crafter_1069.mp4,fake,1.2475,real,False,fake,True,fake,True
Crafter_107.mp4,/home/umflint.edu/mufarooq/Umar_local_data/GenVideo/video/fake/Crafter/Crafter_107.mp4,fake,1.0565,real,False,real,False,fake,True
Crafter_1070.mp4,/home/umflint.edu/mufarooq/Umar_local_data/GenVideo/video/fake/Crafter/Crafter_1070.mp4,fake,1.3181,real,False,fake,True,fake,True
Crafter_1071.mp4,/home/umflint.edu/mufarooq/Umar_local_data/GenVideo/video/fake/Crafter/Crafter_1071.mp4,fake,1.5447,fake,True,fake,True,fake,True
Crafter_1072.mp4,/home/umflint.edu/mufarooq/Umar_local_data/GenVideo/video/fake/Crafter/Crafter_1072.mp4,fake,1.3845,real,False,fake,True,fake,True
Crafter_1073.mp4,/home/umflint.edu/mufarooq/Umar_local_data/GenVideo/video/fake/Crafter/Crafter_1073.mp4,fake,1.0625,real,False,real,False,fake,True
Crafter_1074.mp4,/home/umflint.edu/mufarooq/Umar_local_data/GenVideo/video/fake/Crafter/Crafter_1074.mp4,fake,0.729,real,False,real,False,real,False
Crafter_1075.mp4,/home/umflint.edu/mufarooq/Umar_local_data/GenVideo/video/fake/Crafter/Crafter_1075.mp4,fake,0.3014,real,False,real,False,real,False
Crafter_1076.mp4,/home/umflint.edu/mufarooq/Umar_local_data/GenVideo/video/fake/Crafter/Crafter_1076.mp4,fake,1.5659,fake,True,fake,True,fake,True
Crafter_1077.mp4,/home/umflint.edu/mufarooq/Umar_local_data/GenVideo/video/fake/Crafter/Crafter_1077.mp4,fake,1.3851,real,False,fake,True,fake,True
Crafter_1078.mp4,/home/umflint.edu/mufarooq/Umar_local_data/GenVideo/video/fake/Crafter/Crafter_1078.mp4,fake,1.4476,fake,True,fake,True,fake,True
Crafter_1079.mp4,/home/umflint.edu/mufarooq/Umar_local_data/GenVideo/video/fake/Crafter/Crafter_1079.mp4,fake,1.1832,real,False,fake,True,fake,True
Crafter_108.mp4,/home/umflint.edu/mufarooq/Umar_local_data/GenVideo/video/fake/Crafter/Crafter_108.mp4,fake,0.6025,real,False,real,False,real,False
Crafter_1080.mp4,/home/umflint.edu/mufarooq/Umar_local_data/GenVideo/video/fake/Crafter/Crafter_1080.mp4,fake,1.5747,fake,True,fake,True,fake,True
Crafter_1081.mp4,/home/umflint.edu/mufarooq/Umar_local_data/GenVideo/video/fake/Crafter/Crafter_1081.mp4,fake,1.2919,real,False,fake,True,fake,True
Crafter_1082.mp4,/home/umflint.edu/mufarooq/Umar_local_data/GenVideo/video/fake/Crafter/Crafter_1082.mp4,fake,0.7518,real,False,real,False,real,False
Crafter_1083.mp4,/home/umflint.edu/mufarooq/Umar_local_data/GenVideo/video/fake/Crafter/Crafter_1083.mp4,fake,0.1533,real,False,real,False,real,False
Crafter_1084.mp4,/home/umflint.edu/mufarooq/Umar_local_data/GenVideo/video/fake/Crafter/Crafter_1084.mp4,fake,1.1782,real,False,fake,True,fake,True
Crafter_1085.mp4,/home/umflint.edu/mufarooq/Umar_local_data/GenVideo/video/fake/Crafter/Crafter_1085.mp4,fake,1.5351,fake,True,fake,True,fake,True
Crafter_1086.mp4,/home/umflint.edu/mufarooq/Umar_local_data/GenVideo/video/fake/Crafter/Crafter_1086.mp4,fake,0.3065,real,False,real,False,real,False
Crafter_1087.mp4,/home/umflint.edu/mufarooq/Umar_local_data/GenVideo/video/fake/Crafter/Crafter_1087.mp4,fake,1.5581,fake,True,fake,True,fake,True
Crafter_1088.mp4,/home/umflint.edu/mufarooq/Umar_local_data/GenVideo/video/fake/Crafter/Crafter_1088.mp4,fake,0.9559,real,False,real,False,fake,True
sora_1.mp4,/home/umflint.edu/mufarooq/Umar_local_data/GenVideo/video/fake/Sora/sora_1.mp4,fake,1.0512,real,False,real,False,fake,True
sora_10.mp4,/home/umflint.edu/mufarooq/Umar_local_data/GenVideo/video/fake/Sora/sora_10.mp4,fake,0.8944,real,False,real,False,fake,True
sora_11.mp4,/home/umflint.edu/mufarooq/Umar_local_data/GenVideo/video/fake/Sora/sora_11.mp4,fake,1.5206,fake,True,fake,True,fake,True
sora_12.mp4,/home/umflint.edu/mufarooq/Umar_local_data/GenVideo/video/fake/Sora/sora_12.mp4,fake,0.9314,real,False,real,False,fake,True
sora_13.mp4,/home/umflint.edu/mufarooq/Umar_local_data/GenVideo/video/fake/Sora/sora_13.mp4,fake,0.8834,real,False,real,False,fake,True
sora_14.mp4,/home/umflint.edu/mufarooq/Umar_local_data/GenVideo/video/fake/Sora/sora_14.mp4,fake,1.2936,real,False,fake,True,fake,True
sora_15.mp4,/home/umflint.edu/mufarooq/Umar_local_data/GenVideo/video/fake/Sora/sora_15.mp4,fake,1.2381,real,False,fake,True,fake,True
sora_16.mp4,/home/umflint.edu/mufarooq/Umar_local_data/GenVideo/video/fake/Sora/sora_16.mp4,fake,0.8725,real,False,real,False,fake,True
sora_17.mp4,/home/umflint.edu/mufarooq/Umar_local_data/GenVideo/video/fake/Sora/sora_17.mp4,fake,1.5511,fake,True,fake,True,fake,True
sora_18.mp4,/home/umflint.edu/mufarooq/Umar_local_data/GenVideo/video/fake/Sora/sora_18.mp4,fake,0.1607,real,False,real,False,real,False
sora_19.mp4,/home/umflint.edu/mufarooq/Umar_local_data/GenVideo/video/fake/Sora/sora_19.mp4,fake,1.5747,fake,True,fake,True,fake,True
sora_2.mp4,/home/umflint.edu/mufarooq/Umar_local_data/GenVideo/video/fake/Sora/sora_2.mp4,fake,0.1527,real,False,real,False,real,False
sora_20.mp4,/home/umflint.edu/mufarooq/Umar_local_data/GenVideo/video/fake/Sora/sora_20.mp4,fake,1.5375,fake,True,fake,True,fake,True
sora_21.mp4,/home/umflint.edu/mufarooq/Umar_local_data/GenVideo/video/fake/Sora/sora_21.mp4,fake,0.5272,real,False,real,False,real,False
sora_22.mp4,/home/umflint.edu/mufarooq/Umar_local_data/GenVideo/video/fake/Sora/sora_22.mp4,fake,1.225,real,False,fake,True,fake,True
sora_23.mp4,/home/umflint.edu/mufarooq/Umar_local_data/GenVideo/video/fake/Sora/sora_23.mp4,fake,1.0247,real,False,real,False,fake,True
sora_24.mp4,/home/umflint.edu/mufarooq/Umar_local_data/GenVideo/video/fake/Sora/sora_24.mp4,fake,1.5108,fake,True,fake,True,fake,True
sora_25.mp4,/home/umflint.edu/mufarooq/Umar_local_data/GenVideo/video/fake/Sora/sora_25.mp4,fake,0.1629,real,False,real,False,real,False
sora_26.mp4,/home/umflint.edu/mufarooq/Umar_local_data/GenVideo/video/fake/Sora/sora_26.mp4,fake,1.0486,real,False,real,False,fake,True
sora_27.mp4,/home/umflint.edu/mufarooq/Umar_local_data/GenVideo/video/fake/Sora/sora_27.mp4,fake,1.413,real,False,fake,True,fake,True
sora_28.mp4,/home/umflint.edu/mufarooq/Umar_local_data/GenVideo/video/fake/Sora/sora_28.mp4,fake,0.3183,real,False,real,False,real,False
sora_29.mp4,/home/umflint.edu/mufarooq/Umar_local_data/GenVideo/video/fake/Sora/sora_29.mp4,fake,0.1024,real,False,real,False,real,False
sora_3.mp4,/home/umflint.edu/mufarooq/Umar_local_data/GenVideo/video/fake/Sora/sora_3.mp4,fake,1.3124,real,False,fake,True,fake,True
sora_30.mp4,/home/umflint.edu/mufarooq/Umar_local_data/GenVideo/video/fake/Sora/sora_30.mp4,fake,0.3105,real,False,real,False,real,False
sora_31.mp4,/home/umflint.edu/mufarooq/Umar_local_data/GenVideo/video/fake/Sora/sora_31.mp4,fake,0.2516,real,False,real,False,real,False
sora_32.mp4,/home/umflint.edu/mufarooq/Umar_local_data/GenVideo/video/fake/Sora/sora_32.mp4,fake,0.1745,real,False,real,False,real,False
sora_33.mp4,/home/umflint.edu/mufarooq/Umar_local_data/GenVideo/video/fake/Sora/sora_33.mp4,fake,1.572,fake,True,fake,True,fake,True
sora_34.mp4,/home/umflint.edu/mufarooq/Umar_local_data/GenVideo/video/fake/Sora/sora_34.mp4,fake,0.8115,real,False,real,False,real,False
sora_35.mp4,/home/umflint.edu/mufarooq/Umar_local_data/GenVideo/video/fake/Sora/sora_35.mp4,fake,0.3595,real,False,real,False,real,False
sora_36.mp4,/home/umflint.edu/mufarooq/Umar_local_data/GenVideo/video/fake/Sora/sora_36.mp4,fake,1.3602,real,False,fake,True,fake,True
sora_37.mp4,/home/umflint.edu/mufarooq/Umar_local_data/GenVideo/video/fake/Sora/sora_37.mp4,fake,0.3892,real,False,real,False,real,False
sora_38.mp4,/home/umflint.edu/mufarooq/Umar_local_data/GenVideo/video/fake/Sora/sora_38.mp4,fake,1.4005,real,False,fake,True,fake,True
sora_39.mp4,/home/umflint.edu/mufarooq/Umar_local_data/GenVideo/video/fake/Sora/sora_39.mp4,fake,1.0386,real,False,real,False,fake,True
sora_4.mp4,/home/umflint.edu/mufarooq/Umar_local_data/GenVideo/video/fake/Sora/sora_4.mp4,fake,0.1601,real,False,real,False,real,False
sora_40.mp4,/home/umflint.edu/mufarooq/Umar_local_data/GenVideo/video/fake/Sora/sora_40.mp4,fake,0.5607,real,False,real,False,real,False
sora_41.mp4,/home/umflint.edu/mufarooq/Umar_local_data/GenVideo/video/fake/Sora/sora_41.mp4,fake,1.4988,fake,True,fake,True,fake,True
sora_42.mp4,/home/umflint.edu/mufarooq/Umar_local_data/GenVideo/video/fake/Sora/sora_42.mp4,fake,1.5618,fake,True,fake,True,fake,True
sora_43.mp4,/home/umflint.edu/mufarooq/Umar_local_data/GenVideo/video/fake/Sora/sora_43.mp4,fake,1.4405,fake,True,fake,True,fake,True
sora_44.mp4,/home/umflint.edu/mufarooq/Umar_local_data/GenVideo/video/fake/Sora/sora_44.mp4,fake,0.3854,real,False,real,False,real,False
sora_45.mp4,/home/umflint.edu/mufarooq/Umar_local_data/GenVideo/video/fake/Sora/sora_45.mp4,fake,0.4517,real,False,real,False,real,False
sora_46.mp4,/home/umflint.edu/mufarooq/Umar_local_data/GenVideo/video/fake/Sora/sora_46.mp4,fake,0.182,real,False,real,False,real,False
sora_47.mp4,/home/umflint.edu/mufarooq/Umar_local_data/GenVideo/video/fake/Sora/sora_47.mp4,fake,1.5328,fake,True,fake,True,fake,True
sora_48.mp4,/home/umflint.edu/mufarooq/Umar_local_data/GenVideo/video/fake/Sora/sora_48.mp4,fake,1.174,real,False,fake,True,fake,True
sora_49.mp4,/home/umflint.edu/mufarooq/Umar_local_data/GenVideo/video/fake/Sora/sora_49.mp4,fake,0.3117,real,False,real,False,real,False
sora_5.mp4,/home/umflint.edu/mufarooq/Umar_local_data/GenVideo/video/fake/Sora/sora_5.mp4,fake,0.1443,real,False,real,False,real,False
sora_50.mp4,/home/umflint.edu/mufarooq/Umar_local_data/GenVideo/video/fake/Sora/sora_50.mp4,fake,0.1561,real,False,real,False,real,False
sora_51.mp4,/home/umflint.edu/mufarooq/Umar_local_data/GenVideo/video/fake/Sora/sora_51.mp4,fake,0.8341,real,False,real,False,real,False
sora_52.mp4,/home/umflint.edu/mufarooq/Umar_local_data/GenVideo/video/fake/Sora/sora_52.mp4,fake,0.1998,real,False,real,False,real,False
sora_53.mp4,/home/umflint.edu/mufarooq/Umar_local_data/GenVideo/video/fake/Sora/sora_53.mp4,fake,0.183,real,False,real,False,real,False
sora_54.mp4,/home/umflint.edu/mufarooq/Umar_local_data/GenVideo/video/fake/Sora/sora_54.mp4,fake,0.1042,real,False,real,False,real,False
sora_55.mp4,/home/umflint.edu/mufarooq/Umar_local_data/GenVideo/video/fake/Sora/sora_55.mp4,fake,0.3093,real,False,real,False,real,False
sora_56.mp4,/home/umflint.edu/mufarooq/Umar_local_data/GenVideo/video/fake/Sora/sora_56.mp4,fake,0.4474,real,False,real,False,real,False
sora_6.mp4,/home/umflint.edu/mufarooq/Umar_local_data/GenVideo/video/fake/Sora/sora_6.mp4,fake,0.8413,real,False,real,False,real,False
sora_7.mp4,/home/umflint.edu/mufarooq/Umar_local_data/GenVideo/video/fake/Sora/sora_7.mp4,fake,1.2765,real,False,fake,True,fake,True
sora_8.mp4,/home/umflint.edu/mufarooq/Umar_local_data/GenVideo/video/fake/Sora/sora_8.mp4,fake,1.4435,fake,True,fake,True,fake,True
sora_9.mp4,/home/umflint.edu/mufarooq/Umar_local_data/GenVideo/video/fake/Sora/sora_9.mp4,fake,1.5437,fake,True,fake,True,fake,True
lavie_1.mp4,/home/umflint.edu/mufarooq/Umar_local_data/GenVideo/video/fake/Lavie/lavie_1.mp4,fake,1.0347,real,False,real,False,fake,True
lavie_10.mp4,/home/umflint.edu/mufarooq/Umar_local_data/GenVideo/video/fake/Lavie/lavie_10.mp4,fake,0.328,real,False,real,False,real,False
lavie_100.mp4,/home/umflint.edu/mufarooq/Umar_local_data/GenVideo/video/fake/Lavie/lavie_100.mp4,fake,0.4944,real,False,real,False,real,False
lavie_1000.mp4,/home/umflint.edu/mufarooq/Umar_local_data/GenVideo/video/fake/Lavie/lavie_1000.mp4,fake,0.1793,real,False,real,False,real,False
lavie_1001.mp4,/home/umflint.edu/mufarooq/Umar_local_data/GenVideo/video/fake/Lavie/lavie_1001.mp4,fake,1.2058,real,False,fake,True,fake,True
lavie_1002.mp4,/home/umflint.edu/mufarooq/Umar_local_data/GenVideo/video/fake/Lavie/lavie_1002.mp4,fake,0.1452,real,False,real,False,real,False
lavie_1003.mp4,/home/umflint.edu/mufarooq/Umar_local_data/GenVideo/video/fake/Lavie/lavie_1003.mp4,fake,1.3622,real,False,fake,True,fake,True
lavie_1004.mp4,/home/umflint.edu/mufarooq/Umar_local_data/GenVideo/video/fake/Lavie/lavie_1004.mp4,fake,0.2364,real,False,real,False,real,False
lavie_1005.mp4,/home/umflint.edu/mufarooq/Umar_local_data/GenVideo/video/fake/Lavie/lavie_1005.mp4,fake,0.8449,real,False,real,False,real,False
lavie_1006.mp4,/home/umflint.edu/mufarooq/Umar_local_data/GenVideo/video/fake/Lavie/lavie_1006.mp4,fake,0.9935,real,False,real,False,fake,True
lavie_1007.mp4,/home/umflint.edu/mufarooq/Umar_local_data/GenVideo/video/fake/Lavie/lavie_1007.mp4,fake,0.2455,real,False,real,False,real,False
lavie_1008.mp4,/home/umflint.edu/mufarooq/Umar_local_data/GenVideo/video/fake/Lavie/lavie_1008.mp4,fake,0.2398,real,False,real,False,real,False
lavie_1009.mp4,/home/umflint.edu/mufarooq/Umar_local_data/GenVideo/video/fake/Lavie/lavie_1009.mp4,fake,0.1909,real,False,real,False,real,False
lavie_101.mp4,/home/umflint.edu/mufarooq/Umar_local_data/GenVideo/video/fake/Lavie/lavie_101.mp4,fake,0.1236,real,False,real,False,real,False
lavie_1010.mp4,/home/umflint.edu/mufarooq/Umar_local_data/GenVideo/video/fake/Lavie/lavie_1010.mp4,fake,1.2122,real,False,fake,True,fake,True
lavie_1011.mp4,/home/umflint.edu/mufarooq/Umar_local_data/GenVideo/video/fake/Lavie/lavie_1011.mp4,fake,0.2348,real,False,real,False,real,False
lavie_1012.mp4,/home/umflint.edu/mufarooq/Umar_local_data/GenVideo/video/fake/Lavie/lavie_1012.mp4,fake,1.3978,real,False,fake,True,fake,True
lavie_1013.mp4,/home/umflint.edu/mufarooq/Umar_local_data/GenVideo/video/fake/Lavie/lavie_1013.mp4,fake,0.1765,real,False,real,False,real,False
lavie_1014.mp4,/home/umflint.edu/mufarooq/Umar_local_data/GenVideo/video/fake/Lavie/lavie_1014.mp4,fake,0.5612,real,False,real,False,real,False
lavie_1015.mp4,/home/umflint.edu/mufarooq/Umar_local_data/GenVideo/video/fake/Lavie/lavie_1015.mp4,fake,1.0485,real,False,real,False,fake,True
lavie_1016.mp4,/home/umflint.edu/mufarooq/Umar_local_data/GenVideo/video/fake/Lavie/lavie_1016.mp4,fake,0.1757,real,False,real,False,real,False
lavie_1017.mp4,/home/umflint.edu/mufarooq/Umar_local_data/GenVideo/video/fake/Lavie/lavie_1017.mp4,fake,0.1603,real,False,real,False,real,False
lavie_1018.mp4,/home/umflint.edu/mufarooq/Umar_local_data/GenVideo/video/fake/Lavie/lavie_1018.mp4,fake,0.8739,real,False,real,False,fake,True
lavie_1019.mp4,/home/umflint.edu/mufarooq/Umar_local_data/GenVideo/video/fake/Lavie/lavie_1019.mp4,fake,0.2064,real,False,real,False,real,False
lavie_102.mp4,/home/umflint.edu/mufarooq/Umar_local_data/GenVideo/video/fake/Lavie/lavie_102.mp4,fake,0.6607,real,False,real,False,real,False
lavie_1020.mp4,/home/umflint.edu/mufarooq/Umar_local_data/GenVideo/video/fake/Lavie/lavie_1020.mp4,fake,0.1304,real,False,real,False,real,False
lavie_1021.mp4,/home/umflint.edu/mufarooq/Umar_local_data/GenVideo/video/fake/Lavie/lavie_1021.mp4,fake,0.2604,real,False,real,False,real,False
lavie_1022.mp4,/home/umflint.edu/mufarooq/Umar_local_data/GenVideo/video/fake/Lavie/lavie_1022.mp4,fake,1.3884,real,False,fake,True,fake,True
lavie_1023.mp4,/home/umflint.edu/mufarooq/Umar_local_data/GenVideo/video/fake/Lavie/lavie_1023.mp4,fake,0.9193,real,False,real,False,fake,True
lavie_1024.mp4,/home/umflint.edu/mufarooq/Umar_local_data/GenVideo/video/fake/Lavie/lavie_1024.mp4,fake,1.003,real,False,real,False,fake,True
lavie_1025.mp4,/home/umflint.edu/mufarooq/Umar_local_data/GenVideo/video/fake/Lavie/lavie_1025.mp4,fake,0.35,real,False,real,False,real,False
lavie_1026.mp4,/home/umflint.edu/mufarooq/Umar_local_data/GenVideo/video/fake/Lavie/lavie_1026.mp4,fake,0.8042,real,False,real,False,real,False
lavie_1027.mp4,/home/umflint.edu/mufarooq/Umar_local_data/GenVideo/video/fake/Lavie/lavie_1027.mp4,fake,0.8012,real,False,real,False,real,False
lavie_1028.mp4,/home/umflint.edu/mufarooq/Umar_local_data/GenVideo/video/fake/Lavie/lavie_1028.mp4,fake,0.5074,real,False,real,False,real,False
lavie_1029.mp4,/home/umflint.edu/mufarooq/Umar_local_data/GenVideo/video/fake/Lavie/lavie_1029.mp4,fake,0.1863,real,False,real,False,real,False
lavie_103.mp4,/home/umflint.edu/mufarooq/Umar_local_data/GenVideo/video/fake/Lavie/lavie_103.mp4,fake,0.2375,real,False,real,False,real,False
lavie_1030.mp4,/home/umflint.edu/mufarooq/Umar_local_data/GenVideo/video/fake/Lavie/lavie_1030.mp4,fake,0.1439,real,False,real,False,real,False
lavie_1031.mp4,/home/umflint.edu/mufarooq/Umar_local_data/GenVideo/video/fake/Lavie/lavie_1031.mp4,fake,0.3745,real,False,real,False,real,False
lavie_1032.mp4,/home/umflint.edu/mufarooq/Umar_local_data/GenVideo/video/fake/Lavie/lavie_1032.mp4,fake,0.6648,real,False,real,False,real,False
lavie_1033.mp4,/home/umflint.edu/mufarooq/Umar_local_data/GenVideo/video/fake/Lavie/lavie_1033.mp4,fake,0.2533,real,False,real,False,real,False
lavie_1034.mp4,/home/umflint.edu/mufarooq/Umar_local_data/GenVideo/video/fake/Lavie/lavie_1034.mp4,fake,0.1597,real,False,real,False,real,False
lavie_1035.mp4,/home/umflint.edu/mufarooq/Umar_local_data/GenVideo/video/fake/Lavie/lavie_1035.mp4,fake,0.9971,real,False,real,False,fake,True
lavie_1036.mp4,/home/umflint.edu/mufarooq/Umar_local_data/GenVideo/video/fake/Lavie/lavie_1036.mp4,fake,0.1181,real,False,real,False,real,False
lavie_1037.mp4,/home/umflint.edu/mufarooq/Umar_local_data/GenVideo/video/fake/Lavie/lavie_1037.mp4,fake,0.1827,real,False,real,False,real,False
lavie_1038.mp4,/home/umflint.edu/mufarooq/Umar_local_data/GenVideo/video/fake/Lavie/lavie_1038.mp4,fake,0.1911,real,False,real,False,real,False
lavie_1039.mp4,/home/umflint.edu/mufarooq/Umar_local_data/GenVideo/video/fake/Lavie/lavie_1039.mp4,fake,0.6627,real,False,real,False,real,False
lavie_104.mp4,/home/umflint.edu/mufarooq/Umar_local_data/GenVideo/video/fake/Lavie/lavie_104.mp4,fake,0.3804,real,False,real,False,real,False
lavie_1040.mp4,/home/umflint.edu/mufarooq/Umar_local_data/GenVideo/video/fake/Lavie/lavie_1040.mp4,fake,0.1674,real,False,real,False,real,False
lavie_1041.mp4,/home/umflint.edu/mufarooq/Umar_local_data/GenVideo/video/fake/Lavie/lavie_1041.mp4,fake,0.9029,real,False,real,False,fake,True
lavie_1042.mp4,/home/umflint.edu/mufarooq/Umar_local_data/GenVideo/video/fake/Lavie/lavie_1042.mp4,fake,0.2161,real,False,real,False,real,False
lavie_1043.mp4,/home/umflint.edu/mufarooq/Umar_local_data/GenVideo/video/fake/Lavie/lavie_1043.mp4,fake,0.7823,real,False,real,False,real,False
lavie_1044.mp4,/home/umflint.edu/mufarooq/Umar_local_data/GenVideo/video/fake/Lavie/lavie_1044.mp4,fake,0.9788,real,False,real,False,fake,True
lavie_1045.mp4,/home/umflint.edu/mufarooq/Umar_local_data/GenVideo/video/fake/Lavie/lavie_1045.mp4,fake,1.5345,fake,True,fake,True,fake,True
lavie_1046.mp4,/home/umflint.edu/mufarooq/Umar_local_data/GenVideo/video/fake/Lavie/lavie_1046.mp4,fake,0.2643,real,False,real,False,real,False
lavie_1047.mp4,/home/umflint.edu/mufarooq/Umar_local_data/GenVideo/video/fake/Lavie/lavie_1047.mp4,fake,1.1124,real,False,real,False,fake,True
lavie_1048.mp4,/home/umflint.edu/mufarooq/Umar_local_data/GenVideo/video/fake/Lavie/lavie_1048.mp4,fake,0.4331,real,False,real,False,real,False
lavie_1049.mp4,/home/umflint.edu/mufarooq/Umar_local_data/GenVideo/video/fake/Lavie/lavie_1049.mp4,fake,0.1639,real,False,real,False,real,False
lavie_105.mp4,/home/umflint.edu/mufarooq/Umar_local_data/GenVideo/video/fake/Lavie/lavie_105.mp4,fake,1.023,real,False,real,False,fake,True
lavie_1050.mp4,/home/umflint.edu/mufarooq/Umar_local_data/GenVideo/video/fake/Lavie/lavie_1050.mp4,fake,1.2458,real,False,fake,True,fake,True
lavie_1051.mp4,/home/umflint.edu/mufarooq/Umar_local_data/GenVideo/video/fake/Lavie/lavie_1051.mp4,fake,0.7372,real,False,real,False,real,False
lavie_1052.mp4,/home/umflint.edu/mufarooq/Umar_local_data/GenVideo/video/fake/Lavie/lavie_1052.mp4,fake,1.5679,fake,True,fake,True,fake,True
lavie_1053.mp4,/home/umflint.edu/mufarooq/Umar_local_data/GenVideo/video/fake/Lavie/lavie_1053.mp4,fake,0.6269,real,False,real,False,real,False
lavie_1054.mp4,/home/umflint.edu/mufarooq/Umar_local_data/GenVideo/video/fake/Lavie/lavie_1054.mp4,fake,0.2103,real,False,real,False,real,False
lavie_1055.mp4,/home/umflint.edu/mufarooq/Umar_local_data/GenVideo/video/fake/Lavie/lavie_1055.mp4,fake,0.2297,real,False,real,False,real,False
lavie_1056.mp4,/home/umflint.edu/mufarooq/Umar_local_data/GenVideo/video/fake/Lavie/lavie_1056.mp4,fake,0.1602,real,False,real,False,real,False
lavie_1057.mp4,/home/umflint.edu/mufarooq/Umar_local_data/GenVideo/video/fake/Lavie/lavie_1057.mp4,fake,0.6651,real,False,real,False,real,False
lavie_1058.mp4,/home/umflint.edu/mufarooq/Umar_local_data/GenVideo/video/fake/Lavie/lavie_1058.mp4,fake,0.2527,real,False,real,False,real,False
lavie_1059.mp4,/home/umflint.edu/mufarooq/Umar_local_data/GenVideo/video/fake/Lavie/lavie_1059.mp4,fake,1.2238,real,False,fake,True,fake,True
lavie_106.mp4,/home/umflint.edu/mufarooq/Umar_local_data/GenVideo/video/fake/Lavie/lavie_106.mp4,fake,0.1899,real,False,real,False,real,False
lavie_1060.mp4,/home/umflint.edu/mufarooq/Umar_local_data/GenVideo/video/fake/Lavie/lavie_1060.mp4,fake,1.1892,real,False,fake,True,fake,True
lavie_1061.mp4,/home/umflint.edu/mufarooq/Umar_local_data/GenVideo/video/fake/Lavie/lavie_1061.mp4,fake,0.3877,real,False,real,False,real,False
lavie_1062.mp4,/home/umflint.edu/mufarooq/Umar_local_data/GenVideo/video/fake/Lavie/lavie_1062.mp4,fake,0.1817,real,False,real,False,real,False
lavie_1063.mp4,/home/umflint.edu/mufarooq/Umar_local_data/GenVideo/video/fake/Lavie/lavie_1063.mp4,fake,0.2054,real,False,real,False,real,False
lavie_1064.mp4,/home/umflint.edu/mufarooq/Umar_local_data/GenVideo/video/fake/Lavie/lavie_1064.mp4,fake,0.2086,real,False,real,False,real,False
lavie_1065.mp4,/home/umflint.edu/mufarooq/Umar_local_data/GenVideo/video/fake/Lavie/lavie_1065.mp4,fake,0.6891,real,False,real,False,real,False
lavie_1066.mp4,/home/umflint.edu/mufarooq/Umar_local_data/GenVideo/video/fake/Lavie/lavie_1066.mp4,fake,0.393,real,False,real,False,real,False
lavie_1067.mp4,/home/umflint.edu/mufarooq/Umar_local_data/GenVideo/video/fake/Lavie/lavie_1067.mp4,fake,1.4097,real,False,fake,True,fake,True
lavie_1068.mp4,/home/umflint.edu/mufarooq/Umar_local_data/GenVideo/video/fake/Lavie/lavie_1068.mp4,fake,1.0132,real,False,real,False,fake,True
lavie_1069.mp4,/home/umflint.edu/mufarooq/Umar_local_data/GenVideo/video/fake/Lavie/lavie_1069.mp4,fake,0.2526,real,False,real,False,real,False
lavie_107.mp4,/home/umflint.edu/mufarooq/Umar_local_data/GenVideo/video/fake/Lavie/lavie_107.mp4,fake,0.4094,real,False,real,False,real,False
lavie_1070.mp4,/home/umflint.edu/mufarooq/Umar_local_data/GenVideo/video/fake/Lavie/lavie_1070.mp4,fake,0.6686,real,False,real,False,real,False
lavie_1071.mp4,/home/umflint.edu/mufarooq/Umar_local_data/GenVideo/video/fake/Lavie/lavie_1071.mp4,fake,0.7965,real,False,real,False,real,False
lavie_1072.mp4,/home/umflint.edu/mufarooq/Umar_local_data/GenVideo/video/fake/Lavie/lavie_1072.mp4,fake,1.0244,real,False,real,False,fake,True
lavie_1073.mp4,/home/umflint.edu/mufarooq/Umar_local_data/GenVideo/video/fake/Lavie/lavie_1073.mp4,fake,0.1718,real,False,real,False,real,False
lavie_1074.mp4,/home/umflint.edu/mufarooq/Umar_local_data/GenVideo/video/fake/Lavie/lavie_1074.mp4,fake,0.5368,real,False,real,False,real,False
lavie_1075.mp4,/home/umflint.edu/mufarooq/Umar_local_data/GenVideo/video/fake/Lavie/lavie_1075.mp4,fake,0.1387,real,False,real,False,real,False
lavie_1076.mp4,/home/umflint.edu/mufarooq/Umar_local_data/GenVideo/video/fake/Lavie/lavie_1076.mp4,fake,0.2121,real,False,real,False,real,False
lavie_1077.mp4,/home/umflint.edu/mufarooq/Umar_local_data/GenVideo/video/fake/Lavie/lavie_1077.mp4,fake,0.2076,real,False,real,False,real,False
lavie_1078.mp4,/home/umflint.edu/mufarooq/Umar_local_data/GenVideo/video/fake/Lavie/lavie_1078.mp4,fake,0.1518,real,False,real,False,real,False
lavie_1079.mp4,/home/umflint.edu/mufarooq/Umar_local_data/GenVideo/video/fake/Lavie/lavie_1079.mp4,fake,0.1842,real,False,real,False,real,False
lavie_108.mp4,/home/umflint.edu/mufarooq/Umar_local_data/GenVideo/video/fake/Lavie/lavie_108.mp4,fake,0.1648,real,False,real,False,real,False
lavie_1080.mp4,/home/umflint.edu/mufarooq/Umar_local_data/GenVideo/video/fake/Lavie/lavie_1080.mp4,fake,0.1542,real,False,real,False,real,False
lavie_1081.mp4,/home/umflint.edu/mufarooq/Umar_local_data/GenVideo/video/fake/Lavie/lavie_1081.mp4,fake,0.9675,real,False,real,False,fake,True
lavie_1082.mp4,/home/umflint.edu/mufarooq/Umar_local_data/GenVideo/video/fake/Lavie/lavie_1082.mp4,fake,0.9128,real,False,real,False,fake,True
lavie_1083.mp4,/home/umflint.edu/mufarooq/Umar_local_data/GenVideo/video/fake/Lavie/lavie_1083.mp4,fake,0.2694,real,False,real,False,real,False
lavie_1084.mp4,/home/umflint.edu/mufarooq/Umar_local_data/GenVideo/video/fake/Lavie/lavie_1084.mp4,fake,0.1566,real,False,real,False,real,False
lavie_1085.mp4,/home/umflint.edu/mufarooq/Umar_local_data/GenVideo/video/fake/Lavie/lavie_1085.mp4,fake,0.8427,real,False,real,False,real,False
lavie_1086.mp4,/home/umflint.edu/mufarooq/Umar_local_data/GenVideo/video/fake/Lavie/lavie_1086.mp4,fake,1.0604,real,False,real,False,fake,True
lavie_1087.mp4,/home/umflint.edu/mufarooq/Umar_local_data/GenVideo/video/fake/Lavie/lavie_1087.mp4,fake,1.2151,real,False,fake,True,fake,True
lavie_1088.mp4,/home/umflint.edu/mufarooq/Umar_local_data/GenVideo/video/fake/Lavie/lavie_1088.mp4,fake,0.3308,real,False,real,False,real,False
