video,path,true_label,video_type,nsgvd_score,nsgvd_pred,xception_score,xception_pred,efficientnet_score,efficientnet_pred,clip_vit_score,clip_vit_pred
Vior-DM8ohhPg0e7.mp4,/home/umflint.edu/mufarooq/Umar_local_data/GenVideo/video/real/Social_Real/Vior-DM8ohhPg0e7.mp4,real,face,0.2327,real,,,,,,
_ediitzz-DP5CkLNiNBH.mp4,/home/umflint.edu/mufarooq/Umar_local_data/GenVideo/video/real/Social_Real/_ediitzz-DP5CkLNiNBH.mp4,real,no_face,0.7106,real,,,,,,
_flix-DQBP2bZjJe2.mp4,/home/umflint.edu/mufarooq/Umar_local_data/GenVideo/video/real/Social_Real/_flix-DQBP2bZjJe2.mp4,real,face,0.7089,real,,,,,,
_riya-DP8w8GAk7Nv.mp4,/home/umflint.edu/mufarooq/Umar_local_data/GenVideo/video/real/Social_Real/_riya-DP8w8GAk7Nv.mp4,real,face,1.5322,fake,,,,,,
e_launde-DP1pGq_AWY2.mp4,/home/umflint.edu/mufarooq/Umar_local_data/GenVideo/video/real/Social_Real/e_launde-DP1pGq_AWY2.mp4,real,no_face,1.3708,fake,,,,,,
euavTf8Y.mp4,/home/umflint.edu/mufarooq/Umar_local_data/GenVideo/video/real/Social_Real/euavTf8Y.mp4,real,no_face,0.257,real,,,,,,
r1.mp4,/home/umflint.edu/mufarooq/Umar_local_data/GenVideo/video/real/Social_Real/r1.mp4,real,face,0.775,real,,,,,,
r2.mp4,/home/umflint.edu/mufarooq/Umar_local_data/GenVideo/video/real/Social_Real/r2.mp4,real,face,0.5719,real,,,,,,
r3.mp4,/home/umflint.edu/mufarooq/Umar_local_data/GenVideo/video/real/Social_Real/r3.mp4,real,face,0.2302,real,,,,,,
r4.mp4,/home/umflint.edu/mufarooq/Umar_local_data/GenVideo/video/real/Social_Real/r4.mp4,real,face,1.3626,fake,,,,,,
r5.mp4,/home/umflint.edu/mufarooq/Umar_local_data/GenVideo/video/real/Social_Real/r5.mp4,real,face,1.1133,fake,,,,,,
r6.mp4,/home/umflint.edu/mufarooq/Umar_local_data/GenVideo/video/real/Social_Real/r6.mp4,real,face,1.0539,fake,,,,,,
r7.mp4,/home/umflint.edu/mufarooq/Umar_local_data/GenVideo/video/real/Social_Real/r7.mp4,real,face,0.3835,real,,,,,,
r8.mp4,/home/umflint.edu/mufarooq/Umar_local_data/GenVideo/video/real/Social_Real/r8.mp4,real,face,1.0912,fake,,,,,,
reator1234-DPGNK-NkuHq.mp4,/home/umflint.edu/mufarooq/Umar_local_data/GenVideo/video/real/Social_Real/reator1234-DPGNK-NkuHq.mp4,real,face,0.9191,real,,,,,,
--07WQ2iBlw_000001_000011.mp4,/home/umflint.edu/mufarooq/Umar_local_data/GenVideo/video/real/Kinetics-400/--07WQ2iBlw_000001_000011.mp4,real,no_face,0.1541,real,,,,,,
--33Lscn6sk_000004_000014.mp4,/home/umflint.edu/mufarooq/Umar_local_data/GenVideo/video/real/Kinetics-400/--33Lscn6sk_000004_000014.mp4,real,no_face,0.2675,real,,,,,,
--7VUM9MKg4_000136_000146.mp4,/home/umflint.edu/mufarooq/Umar_local_data/GenVideo/video/real/Kinetics-400/--7VUM9MKg4_000136_000146.mp4,real,face,0.2464,real,,,,,,
--7goKgS4kc_000015_000025.mp4,/home/umflint.edu/mufarooq/Umar_local_data/GenVideo/video/real/Kinetics-400/--7goKgS4kc_000015_000025.mp4,real,no_face,0.9595,real,,,,,,
--7qK_w-g3Y_000185_000195.mp4,/home/umflint.edu/mufarooq/Umar_local_data/GenVideo/video/real/Kinetics-400/--7qK_w-g3Y_000185_000195.mp4,real,no_face,0.2914,real,,,,,,
--8FQVwWH0M_000003_000013.mp4,/home/umflint.edu/mufarooq/Umar_local_data/GenVideo/video/real/Kinetics-400/--8FQVwWH0M_000003_000013.mp4,real,no_face,0.3159,real,,,,,,
--9s8lCov-I_000002_000012.mp4,/home/umflint.edu/mufarooq/Umar_local_data/GenVideo/video/real/Kinetics-400/--9s8lCov-I_000002_000012.mp4,real,no_face,0.4239,real,,,,,,
--AbCB6WSN0_000018_000028.mp4,/home/umflint.edu/mufarooq/Umar_local_data/GenVideo/video/real/Kinetics-400/--AbCB6WSN0_000018_000028.mp4,real,face,0.2348,real,,,,,,
--GF746y6UM_000496_000506.mp4,/home/umflint.edu/mufarooq/Umar_local_data/GenVideo/video/real/Kinetics-400/--GF746y6UM_000496_000506.mp4,real,face,0.2334,real,,,,,,
--ILYNHl3e4_000541_000551.mp4,/home/umflint.edu/mufarooq/Umar_local_data/GenVideo/video/real/Kinetics-400/--ILYNHl3e4_000541_000551.mp4,real,no_face,0.3793,real,,,,,,
--Kr1PZaPDI_000001_000011.mp4,/home/umflint.edu/mufarooq/Umar_local_data/GenVideo/video/real/Kinetics-400/--Kr1PZaPDI_000001_000011.mp4,real,no_face,0.1922,real,,,,,,
--PwWfN1Ae4_000097_000107.mp4,/home/umflint.edu/mufarooq/Umar_local_data/GenVideo/video/real/Kinetics-400/--PwWfN1Ae4_000097_000107.mp4,real,face,0.2791,real,,,,,,
--RVKBMp_2M_000079_000089.mp4,/home/umflint.edu/mufarooq/Umar_local_data/GenVideo/video/real/Kinetics-400/--RVKBMp_2M_000079_000089.mp4,real,no_face,0.5667,real,,,,,,
--SOz3xjWfA_000037_000047.mp4,/home/umflint.edu/mufarooq/Umar_local_data/GenVideo/video/real/Kinetics-400/--SOz3xjWfA_000037_000047.mp4,real,face,0.444,real,,,,,,
--SrV9bGzRA_000197_000207.mp4,/home/umflint.edu/mufarooq/Umar_local_data/GenVideo/video/real/Kinetics-400/--SrV9bGzRA_000197_000207.mp4,real,no_face,1.0429,fake,,,,,,
--TSmh3wj9I_000118_000128.mp4,/home/umflint.edu/mufarooq/Umar_local_data/GenVideo/video/real/Kinetics-400/--TSmh3wj9I_000118_000128.mp4,real,no_face,0.8155,real,,,,,,
--Y25nDn2Wk_000060_000070.mp4,/home/umflint.edu/mufarooq/Umar_local_data/GenVideo/video/real/Kinetics-400/--Y25nDn2Wk_000060_000070.mp4,real,face,0.2852,real,,,,,,
--bGIeO_7Jo_000184_000194.mp4,/home/umflint.edu/mufarooq/Umar_local_data/GenVideo/video/real/Kinetics-400/--bGIeO_7Jo_000184_000194.mp4,real,face,0.6799,real,,,,,,
--dVV4_CSvw_000033_000043.mp4,/home/umflint.edu/mufarooq/Umar_local_data/GenVideo/video/real/Kinetics-400/--dVV4_CSvw_000033_000043.mp4,real,face,0.6448,real,,,,,,
--gEBElruic_000067_000077.mp4,/home/umflint.edu/mufarooq/Umar_local_data/GenVideo/video/real/Kinetics-400/--gEBElruic_000067_000077.mp4,real,no_face,0.1611,real,,,,,,
--kbTDDIiP0_000062_000072.mp4,/home/umflint.edu/mufarooq/Umar_local_data/GenVideo/video/real/Kinetics-400/--kbTDDIiP0_000062_000072.mp4,real,face,0.6581,real,,,,,,
--nQbRBEz2s_000104_000114.mp4,/home/umflint.edu/mufarooq/Umar_local_data/GenVideo/video/real/Kinetics-400/--nQbRBEz2s_000104_000114.mp4,real,no_face,0.3539,real,,,,,,
--o545tThdQ_000088_000098.mp4,/home/umflint.edu/mufarooq/Umar_local_data/GenVideo/video/real/Kinetics-400/--o545tThdQ_000088_000098.mp4,real,face,0.526,real,,,,,,
--oEIzy6Esc_000045_000055.mp4,/home/umflint.edu/mufarooq/Umar_local_data/GenVideo/video/real/Kinetics-400/--oEIzy6Esc_000045_000055.mp4,real,face,0.6953,real,,,,,,
--oJV4vFNeI_000003_000013.mp4,/home/umflint.edu/mufarooq/Umar_local_data/GenVideo/video/real/Kinetics-400/--oJV4vFNeI_000003_000013.mp4,real,face,0.996,real,,,,,,
--rC9Wkh6HA_000179_000189.mp4,/home/umflint.edu/mufarooq/Umar_local_data/GenVideo/video/real/Kinetics-400/--rC9Wkh6HA_000179_000189.mp4,real,face,0.4019,real,,,,,,
--rd8woSLiM_000041_000051.mp4,/home/umflint.edu/mufarooq/Umar_local_data/GenVideo/video/real/Kinetics-400/--rd8woSLiM_000041_000051.mp4,real,no_face,1.4281,fake,,,,,,
--sGO9m2Was_000000_000010.mp4,/home/umflint.edu/mufarooq/Umar_local_data/GenVideo/video/real/Kinetics-400/--sGO9m2Was_000000_000010.mp4,real,no_face,1.5432,fake,,,,,,
--uGS0Y4D6k_000009_000019.mp4,/home/umflint.edu/mufarooq/Umar_local_data/GenVideo/video/real/Kinetics-400/--uGS0Y4D6k_000009_000019.mp4,real,no_face,0.4316,real,,,,,,
--wYHtYMK9o_000008_000018.mp4,/home/umflint.edu/mufarooq/Umar_local_data/GenVideo/video/real/Kinetics-400/--wYHtYMK9o_000008_000018.mp4,real,face,0.9248,real,,,,,,
--yCUKj4Oq4_000018_000028.mp4,/home/umflint.edu/mufarooq/Umar_local_data/GenVideo/video/real/Kinetics-400/--yCUKj4Oq4_000018_000028.mp4,real,no_face,0.184,real,,,,,,
-0-s1eu4sF4_000031_000041.mp4,/home/umflint.edu/mufarooq/Umar_local_data/GenVideo/video/real/Kinetics-400/-0-s1eu4sF4_000031_000041.mp4,real,no_face,0.1821,real,,,,,,
-02UO1KSdZ0_000025_000035.mp4,/home/umflint.edu/mufarooq/Umar_local_data/GenVideo/video/real/Kinetics-400/-02UO1KSdZ0_000025_000035.mp4,real,no_face,0.293,real,,,,,,
-05qSkAhM6Y_000205_000215.mp4,/home/umflint.edu/mufarooq/Umar_local_data/GenVideo/video/real/Kinetics-400/-05qSkAhM6Y_000205_000215.mp4,real,no_face,0.3757,real,,,,,,
-081qTv9fXc_000216_000226.mp4,/home/umflint.edu/mufarooq/Umar_local_data/GenVideo/video/real/Kinetics-400/-081qTv9fXc_000216_000226.mp4,real,no_face,0.2823,real,,,,,,
-09lBxmFoWE_000030_000040.mp4,/home/umflint.edu/mufarooq/Umar_local_data/GenVideo/video/real/Kinetics-400/-09lBxmFoWE_000030_000040.mp4,real,face,0.3891,real,,,,,,
-0BveUV52cM_000043_000053.mp4,/home/umflint.edu/mufarooq/Umar_local_data/GenVideo/video/real/Kinetics-400/-0BveUV52cM_000043_000053.mp4,real,no_face,0.1696,real,,,,,,
-0CNBzthkZ4_000004_000014.mp4,/home/umflint.edu/mufarooq/Umar_local_data/GenVideo/video/real/Kinetics-400/-0CNBzthkZ4_000004_000014.mp4,real,face,0.7664,real,,,,,,
-0COMyPvkHU_000061_000071.mp4,/home/umflint.edu/mufarooq/Umar_local_data/GenVideo/video/real/Kinetics-400/-0COMyPvkHU_000061_000071.mp4,real,face,0.1835,real,,,,,,
-0Eu83ggVq4_000235_000245.mp4,/home/umflint.edu/mufarooq/Umar_local_data/GenVideo/video/real/Kinetics-400/-0Eu83ggVq4_000235_000245.mp4,real,face,0.4096,real,,,,,,
-0FzHADcl10_000005_000015.mp4,/home/umflint.edu/mufarooq/Umar_local_data/GenVideo/video/real/Kinetics-400/-0FzHADcl10_000005_000015.mp4,real,no_face,0.8057,real,,,,,,
-0HUfPFdLKE_000004_000014.mp4,/home/umflint.edu/mufarooq/Umar_local_data/GenVideo/video/real/Kinetics-400/-0HUfPFdLKE_000004_000014.mp4,real,no_face,0.8997,real,,,,,,
-0IErS_cisg_000017_000027.mp4,/home/umflint.edu/mufarooq/Umar_local_data/GenVideo/video/real/Kinetics-400/-0IErS_cisg_000017_000027.mp4,real,face,0.5149,real,,,,,,
-0IEt9-NeV4_000637_000647.mp4,/home/umflint.edu/mufarooq/Umar_local_data/GenVideo/video/real/Kinetics-400/-0IEt9-NeV4_000637_000647.mp4,real,face,0.1969,real,,,,,,
-0L4fgr5GE0_000001_000011.mp4,/home/umflint.edu/mufarooq/Umar_local_data/GenVideo/video/real/Kinetics-400/-0L4fgr5GE0_000001_000011.mp4,real,face,0.1788,real,,,,,,
-0L4z8D2eGs_000043_000053.mp4,/home/umflint.edu/mufarooq/Umar_local_data/GenVideo/video/real/Kinetics-400/-0L4z8D2eGs_000043_000053.mp4,real,no_face,0.1287,real,,,,,,
-0Li7rc78jQ_000128_000138.mp4,/home/umflint.edu/mufarooq/Umar_local_data/GenVideo/video/real/Kinetics-400/-0Li7rc78jQ_000128_000138.mp4,real,no_face,0.1048,real,,,,,,
-0ML-FXomBw_000001_000011.mp4,/home/umflint.edu/mufarooq/Umar_local_data/GenVideo/video/real/Kinetics-400/-0ML-FXomBw_000001_000011.mp4,real,face,0.6801,real,,,,,,
-0Mfuocujdg_000000_000010.mp4,/home/umflint.edu/mufarooq/Umar_local_data/GenVideo/video/real/Kinetics-400/-0Mfuocujdg_000000_000010.mp4,real,no_face,0.1684,real,,,,,,
-0N5cgaMCfY_000316_000326.mp4,/home/umflint.edu/mufarooq/Umar_local_data/GenVideo/video/real/Kinetics-400/-0N5cgaMCfY_000316_000326.mp4,real,face,0.5674,real,,,,,,
000.mp4,/home/umflint.edu/mufarooq/Umar_local_data/GenVideo/video/real/FF_original/000.mp4,real,face,0.8077,real,,,,,,
001.mp4,/home/umflint.edu/mufarooq/Umar_local_data/GenVideo/video/real/FF_original/001.mp4,real,face,0.2051,real,,,,,,
002.mp4,/home/umflint.edu/mufarooq/Umar_local_data/GenVideo/video/real/FF_original/002.mp4,real,face,0.3882,real,,,,,,
003.mp4,/home/umflint.edu/mufarooq/Umar_local_data/GenVideo/video/real/FF_original/003.mp4,real,face,0.3047,real,,,,,,
004.mp4,/home/umflint.edu/mufarooq/Umar_local_data/GenVideo/video/real/FF_original/004.mp4,real,face,0.2769,real,,,,,,
005.mp4,/home/umflint.edu/mufarooq/Umar_local_data/GenVideo/video/real/FF_original/005.mp4,real,face,0.8772,real,,,,,,
006.mp4,/home/umflint.edu/mufarooq/Umar_local_data/GenVideo/video/real/FF_original/006.mp4,real,face,0.3356,real,,,,,,
007.mp4,/home/umflint.edu/mufarooq/Umar_local_data/GenVideo/video/real/FF_original/007.mp4,real,face,0.1128,real,,,,,,
008.mp4,/home/umflint.edu/mufarooq/Umar_local_data/GenVideo/video/real/FF_original/008.mp4,real,face,0.5381,real,,,,,,
009.mp4,/home/umflint.edu/mufarooq/Umar_local_data/GenVideo/video/real/FF_original/009.mp4,real,face,1.3508,fake,,,,,,
010.mp4,/home/umflint.edu/mufarooq/Umar_local_data/GenVideo/video/real/FF_original/010.mp4,real,face,0.217,real,,,,,,
011.mp4,/home/umflint.edu/mufarooq/Umar_local_data/GenVideo/video/real/FF_original/011.mp4,real,face,0.2641,real,,,,,,
012.mp4,/home/umflint.edu/mufarooq/Umar_local_data/GenVideo/video/real/FF_original/012.mp4,real,face,0.7093,real,,,,,,
013.mp4,/home/umflint.edu/mufarooq/Umar_local_data/GenVideo/video/real/FF_original/013.mp4,real,face,0.1558,real,,,,,,
014.mp4,/home/umflint.edu/mufarooq/Umar_local_data/GenVideo/video/real/FF_original/014.mp4,real,face,1.5142,fake,,,,,,
015.mp4,/home/umflint.edu/mufarooq/Umar_local_data/GenVideo/video/real/FF_original/015.mp4,real,face,0.8154,real,,,,,,
016.mp4,/home/umflint.edu/mufarooq/Umar_local_data/GenVideo/video/real/FF_original/016.mp4,real,face,0.2122,real,,,,,,
017.mp4,/home/umflint.edu/mufarooq/Umar_local_data/GenVideo/video/real/FF_original/017.mp4,real,face,0.6507,real,,,,,,
018.mp4,/home/umflint.edu/mufarooq/Umar_local_data/GenVideo/video/real/FF_original/018.mp4,real,face,0.7728,real,,,,,,
019.mp4,/home/umflint.edu/mufarooq/Umar_local_data/GenVideo/video/real/FF_original/019.mp4,real,face,1.4102,fake,,,,,,
020.mp4,/home/umflint.edu/mufarooq/Umar_local_data/GenVideo/video/real/FF_original/020.mp4,real,face,1.0368,fake,,,,,,
021.mp4,/home/umflint.edu/mufarooq/Umar_local_data/GenVideo/video/real/FF_original/021.mp4,real,face,0.8515,real,,,,,,
022.mp4,/home/umflint.edu/mufarooq/Umar_local_data/GenVideo/video/real/FF_original/022.mp4,real,face,1.3448,fake,,,,,,
023.mp4,/home/umflint.edu/mufarooq/Umar_local_data/GenVideo/video/real/FF_original/023.mp4,real,face,0.7421,real,,,,,,
024.mp4,/home/umflint.edu/mufarooq/Umar_local_data/GenVideo/video/real/FF_original/024.mp4,real,face,0.2998,real,,,,,,
025.mp4,/home/umflint.edu/mufarooq/Umar_local_data/GenVideo/video/real/FF_original/025.mp4,real,face,0.4495,real,,,,,,
026.mp4,/home/umflint.edu/mufarooq/Umar_local_data/GenVideo/video/real/FF_original/026.mp4,real,face,0.7679,real,,,,,,
027.mp4,/home/umflint.edu/mufarooq/Umar_local_data/GenVideo/video/real/FF_original/027.mp4,real,face,1.0501,fake,,,,,,
028.mp4,/home/umflint.edu/mufarooq/Umar_local_data/GenVideo/video/real/FF_original/028.mp4,real,face,1.2608,fake,,,,,,
029.mp4,/home/umflint.edu/mufarooq/Umar_local_data/GenVideo/video/real/FF_original/029.mp4,real,face,0.2761,real,,,,,,
030.mp4,/home/umflint.edu/mufarooq/Umar_local_data/GenVideo/video/real/FF_original/030.mp4,real,face,0.7836,real,,,,,,
031.mp4,/home/umflint.edu/mufarooq/Umar_local_data/GenVideo/video/real/FF_original/031.mp4,real,face,0.5343,real,,,,,,
032.mp4,/home/umflint.edu/mufarooq/Umar_local_data/GenVideo/video/real/FF_original/032.mp4,real,face,0.2441,real,,,,,,
033.mp4,/home/umflint.edu/mufarooq/Umar_local_data/GenVideo/video/real/FF_original/033.mp4,real,face,0.1779,real,,,,,,
034.mp4,/home/umflint.edu/mufarooq/Umar_local_data/GenVideo/video/real/FF_original/034.mp4,real,face,0.1829,real,,,,,,
035.mp4,/home/umflint.edu/mufarooq/Umar_local_data/GenVideo/video/real/FF_original/035.mp4,real,face,0.3016,real,,,,,,
036.mp4,/home/umflint.edu/mufarooq/Umar_local_data/GenVideo/video/real/FF_original/036.mp4,real,face,0.1556,real,,,,,,
037.mp4,/home/umflint.edu/mufarooq/Umar_local_data/GenVideo/video/real/FF_original/037.mp4,real,face,1.1795,fake,,,,,,
038.mp4,/home/umflint.edu/mufarooq/Umar_local_data/GenVideo/video/real/FF_original/038.mp4,real,face,0.1548,real,,,,,,
039.mp4,/home/umflint.edu/mufarooq/Umar_local_data/GenVideo/video/real/FF_original/039.mp4,real,face,1.2736,fake,,,,,,
040.mp4,/home/umflint.edu/mufarooq/Umar_local_data/GenVideo/video/real/FF_original/040.mp4,real,face,1.3517,fake,,,,,,
041.mp4,/home/umflint.edu/mufarooq/Umar_local_data/GenVideo/video/real/FF_original/041.mp4,real,face,0.3364,real,,,,,,
042.mp4,/home/umflint.edu/mufarooq/Umar_local_data/GenVideo/video/real/FF_original/042.mp4,real,face,0.2174,real,,,,,,
043.mp4,/home/umflint.edu/mufarooq/Umar_local_data/GenVideo/video/real/FF_original/043.mp4,real,face,0.5038,real,,,,,,
044.mp4,/home/umflint.edu/mufarooq/Umar_local_data/GenVideo/video/real/FF_original/044.mp4,real,face,0.6025,real,,,,,,
045.mp4,/home/umflint.edu/mufarooq/Umar_local_data/GenVideo/video/real/FF_original/045.mp4,real,face,0.2678,real,,,,,,
046.mp4,/home/umflint.edu/mufarooq/Umar_local_data/GenVideo/video/real/FF_original/046.mp4,real,face,0.7682,real,,,,,,
047.mp4,/home/umflint.edu/mufarooq/Umar_local_data/GenVideo/video/real/FF_original/047.mp4,real,face,0.9231,real,,,,,,
048.mp4,/home/umflint.edu/mufarooq/Umar_local_data/GenVideo/video/real/FF_original/048.mp4,real,face,0.7877,real,,,,,,
049.mp4,/home/umflint.edu/mufarooq/Umar_local_data/GenVideo/video/real/FF_original/049.mp4,real,face,0.9461,real,,,,,,
msrvtt_1.mp4,/home/umflint.edu/mufarooq/Umar_local_data/GenVideo/video/real/MSR-VTT/msrvtt_1.mp4,real,no_face,0.4734,real,,,,,,
msrvtt_10.mp4,/home/umflint.edu/mufarooq/Umar_local_data/GenVideo/video/real/MSR-VTT/msrvtt_10.mp4,real,face,0.9369,real,,,,,,
msrvtt_100.mp4,/home/umflint.edu/mufarooq/Umar_local_data/GenVideo/video/real/MSR-VTT/msrvtt_100.mp4,real,no_face,0.6852,real,,,,,,
msrvtt_1000.mp4,/home/umflint.edu/mufarooq/Umar_local_data/GenVideo/video/real/MSR-VTT/msrvtt_1000.mp4,real,face,0.2072,real,,,,,,
msrvtt_10000.mp4,/home/umflint.edu/mufarooq/Umar_local_data/GenVideo/video/real/MSR-VTT/msrvtt_10000.mp4,real,no_face,0.3555,real,,,,,,
msrvtt_1001.mp4,/home/umflint.edu/mufarooq/Umar_local_data/GenVideo/video/real/MSR-VTT/msrvtt_1001.mp4,real,face,0.6691,real,,,,,,
msrvtt_1002.mp4,/home/umflint.edu/mufarooq/Umar_local_data/GenVideo/video/real/MSR-VTT/msrvtt_1002.mp4,real,no_face,0.5904,real,,,,,,
msrvtt_1003.mp4,/home/umflint.edu/mufarooq/Umar_local_data/GenVideo/video/real/MSR-VTT/msrvtt_1003.mp4,real,no_face,0.2561,real,,,,,,
msrvtt_1004.mp4,/home/umflint.edu/mufarooq/Umar_local_data/GenVideo/video/real/MSR-VTT/msrvtt_1004.mp4,real,no_face,0.189,real,,,,,,
msrvtt_1005.mp4,/home/umflint.edu/mufarooq/Umar_local_data/GenVideo/video/real/MSR-VTT/msrvtt_1005.mp4,real,no_face,0.5206,real,,,,,,
msrvtt_1006.mp4,/home/umflint.edu/mufarooq/Umar_local_data/GenVideo/video/real/MSR-VTT/msrvtt_1006.mp4,real,face,0.8493,real,,,,,,
msrvtt_1007.mp4,/home/umflint.edu/mufarooq/Umar_local_data/GenVideo/video/real/MSR-VTT/msrvtt_1007.mp4,real,no_face,1.4047,fake,,,,,,
msrvtt_1008.mp4,/home/umflint.edu/mufarooq/Umar_local_data/GenVideo/video/real/MSR-VTT/msrvtt_1008.mp4,real,no_face,0.6276,real,,,,,,
msrvtt_1009.mp4,/home/umflint.edu/mufarooq/Umar_local_data/GenVideo/video/real/MSR-VTT/msrvtt_1009.mp4,real,no_face,0.8473,real,,,,,,
msrvtt_101.mp4,/home/umflint.edu/mufarooq/Umar_local_data/GenVideo/video/real/MSR-VTT/msrvtt_101.mp4,real,no_face,0.7693,real,,,,,,
msrvtt_1010.mp4,/home/umflint.edu/mufarooq/Umar_local_data/GenVideo/video/real/MSR-VTT/msrvtt_1010.mp4,real,no_face,0.2685,real,,,,,,
msrvtt_1011.mp4,/home/umflint.edu/mufarooq/Umar_local_data/GenVideo/video/real/MSR-VTT/msrvtt_1011.mp4,real,no_face,0.2236,real,,,,,,
msrvtt_1012.mp4,/home/umflint.edu/mufarooq/Umar_local_data/GenVideo/video/real/MSR-VTT/msrvtt_1012.mp4,real,no_face,0.1885,real,,,,,,
msrvtt_1013.mp4,/home/umflint.edu/mufarooq/Umar_local_data/GenVideo/video/real/MSR-VTT/msrvtt_1013.mp4,real,no_face,0.2544,real,,,,,,
msrvtt_1014.mp4,/home/umflint.edu/mufarooq/Umar_local_data/GenVideo/video/real/MSR-VTT/msrvtt_1014.mp4,real,no_face,0.1465,real,,,,,,
msrvtt_1015.mp4,/home/umflint.edu/mufarooq/Umar_local_data/GenVideo/video/real/MSR-VTT/msrvtt_1015.mp4,real,no_face,0.5961,real,,,,,,
msrvtt_1016.mp4,/home/umflint.edu/mufarooq/Umar_local_data/GenVideo/video/real/MSR-VTT/msrvtt_1016.mp4,real,no_face,0.1727,real,,,,,,
msrvtt_1017.mp4,/home/umflint.edu/mufarooq/Umar_local_data/GenVideo/video/real/MSR-VTT/msrvtt_1017.mp4,real,no_face,0.3128,real,,,,,,
msrvtt_1018.mp4,/home/umflint.edu/mufarooq/Umar_local_data/GenVideo/video/real/MSR-VTT/msrvtt_1018.mp4,real,face,0.6974,real,,,,,,
msrvtt_1019.mp4,/home/umflint.edu/mufarooq/Umar_local_data/GenVideo/video/real/MSR-VTT/msrvtt_1019.mp4,real,no_face,0.6613,real,,,,,,
msrvtt_102.mp4,/home/umflint.edu/mufarooq/Umar_local_data/GenVideo/video/real/MSR-VTT/msrvtt_102.mp4,real,face,1.5747,fake,,,,,,
msrvtt_1020.mp4,/home/umflint.edu/mufarooq/Umar_local_data/GenVideo/video/real/MSR-VTT/msrvtt_1020.mp4,real,face,0.2428,real,,,,,,
msrvtt_1021.mp4,/home/umflint.edu/mufarooq/Umar_local_data/GenVideo/video/real/MSR-VTT/msrvtt_1021.mp4,real,no_face,1.5026,fake,,,,,,
msrvtt_1022.mp4,/home/umflint.edu/mufarooq/Umar_local_data/GenVideo/video/real/MSR-VTT/msrvtt_1022.mp4,real,no_face,1.2976,fake,,,,,,
msrvtt_1023.mp4,/home/umflint.edu/mufarooq/Umar_local_data/GenVideo/video/real/MSR-VTT/msrvtt_1023.mp4,real,face,1.222,fake,,,,,,
msrvtt_1024.mp4,/home/umflint.edu/mufarooq/Umar_local_data/GenVideo/video/real/MSR-VTT/msrvtt_1024.mp4,real,no_face,0.2098,real,,,,,,
msrvtt_1025.mp4,/home/umflint.edu/mufarooq/Umar_local_data/GenVideo/video/real/MSR-VTT/msrvtt_1025.mp4,real,face,0.2585,real,,,,,,
msrvtt_1026.mp4,/home/umflint.edu/mufarooq/Umar_local_data/GenVideo/video/real/MSR-VTT/msrvtt_1026.mp4,real,face,0.4928,real,,,,,,
msrvtt_1027.mp4,/home/umflint.edu/mufarooq/Umar_local_data/GenVideo/video/real/MSR-VTT/msrvtt_1027.mp4,real,face,0.6294,real,,,,,,
msrvtt_1028.mp4,/home/umflint.edu/mufarooq/Umar_local_data/GenVideo/video/real/MSR-VTT/msrvtt_1028.mp4,real,no_face,0.211,real,,,,,,
msrvtt_1029.mp4,/home/umflint.edu/mufarooq/Umar_local_data/GenVideo/video/real/MSR-VTT/msrvtt_1029.mp4,real,no_face,0.1716,real,,,,,,
msrvtt_103.mp4,/home/umflint.edu/mufarooq/Umar_local_data/GenVideo/video/real/MSR-VTT/msrvtt_103.mp4,real,no_face,1.5471,fake,,,,,,
msrvtt_1030.mp4,/home/umflint.edu/mufarooq/Umar_local_data/GenVideo/video/real/MSR-VTT/msrvtt_1030.mp4,real,no_face,0.2369,real,,,,,,
msrvtt_1031.mp4,/home/umflint.edu/mufarooq/Umar_local_data/GenVideo/video/real/MSR-VTT/msrvtt_1031.mp4,real,face,0.2789,real,,,,,,
msrvtt_1032.mp4,/home/umflint.edu/mufarooq/Umar_local_data/GenVideo/video/real/MSR-VTT/msrvtt_1032.mp4,real,face,1.0755,fake,,,,,,
msrvtt_1033.mp4,/home/umflint.edu/mufarooq/Umar_local_data/GenVideo/video/real/MSR-VTT/msrvtt_1033.mp4,real,no_face,0.7433,real,,,,,,
msrvtt_1034.mp4,/home/umflint.edu/mufarooq/Umar_local_data/GenVideo/video/real/MSR-VTT/msrvtt_1034.mp4,real,face,0.368,real,,,,,,
msrvtt_1035.mp4,/home/umflint.edu/mufarooq/Umar_local_data/GenVideo/video/real/MSR-VTT/msrvtt_1035.mp4,real,no_face,0.3021,real,,,,,,
msrvtt_1036.mp4,/home/umflint.edu/mufarooq/Umar_local_data/GenVideo/video/real/MSR-VTT/msrvtt_1036.mp4,real,face,0.9414,real,,,,,,
msrvtt_1037.mp4,/home/umflint.edu/mufarooq/Umar_local_data/GenVideo/video/real/MSR-VTT/msrvtt_1037.mp4,real,face,0.7635,real,,,,,,
msrvtt_1038.mp4,/home/umflint.edu/mufarooq/Umar_local_data/GenVideo/video/real/MSR-VTT/msrvtt_1038.mp4,real,no_face,0.206,real,,,,,,
msrvtt_1039.mp4,/home/umflint.edu/mufarooq/Umar_local_data/GenVideo/video/real/MSR-VTT/msrvtt_1039.mp4,real,face,0.5872,real,,,,,,
msrvtt_104.mp4,/home/umflint.edu/mufarooq/Umar_local_data/GenVideo/video/real/MSR-VTT/msrvtt_104.mp4,real,face,0.3117,real,,,,,,
msrvtt_1040.mp4,/home/umflint.edu/mufarooq/Umar_local_data/GenVideo/video/real/MSR-VTT/msrvtt_1040.mp4,real,no_face,0.6041,real,,,,,,
msrvtt_1041.mp4,/home/umflint.edu/mufarooq/Umar_local_data/GenVideo/video/real/MSR-VTT/msrvtt_1041.mp4,real,no_face,0.5041,real,,,,,,
modelscope_1.mp4,/home/umflint.edu/mufarooq/Umar_local_data/GenVideo/video/fake/ModelScope/modelscope_1.mp4,fake,no_face,1.5747,fake,,,,,,
modelscope_10.mp4,/home/umflint.edu/mufarooq/Umar_local_data/GenVideo/video/fake/ModelScope/modelscope_10.mp4,fake,face,0.4127,real,,,,,,
modelscope_100.mp4,/home/umflint.edu/mufarooq/Umar_local_data/GenVideo/video/fake/ModelScope/modelscope_100.mp4,fake,no_face,1.0459,fake,,,,,,
modelscope_101.mp4,/home/umflint.edu/mufarooq/Umar_local_data/GenVideo/video/fake/ModelScope/modelscope_101.mp4,fake,face,0.1637,real,,,,,,
modelscope_102.mp4,/home/umflint.edu/mufarooq/Umar_local_data/GenVideo/video/fake/ModelScope/modelscope_102.mp4,fake,no_face,0.4169,real,,,,,,
modelscope_103.mp4,/home/umflint.edu/mufarooq/Umar_local_data/GenVideo/video/fake/ModelScope/modelscope_103.mp4,fake,face,1.0654,fake,,,,,,
modelscope_104.mp4,/home/umflint.edu/mufarooq/Umar_local_data/GenVideo/video/fake/ModelScope/modelscope_104.mp4,fake,no_face,0.2444,real,,,,,,
modelscope_105.mp4,/home/umflint.edu/mufarooq/Umar_local_data/GenVideo/video/fake/ModelScope/modelscope_105.mp4,fake,no_face,1.3802,fake,,,,,,
modelscope_106.mp4,/home/umflint.edu/mufarooq/Umar_local_data/GenVideo/video/fake/ModelScope/modelscope_106.mp4,fake,face,0.1415,real,,,,,,
modelscope_107.mp4,/home/umflint.edu/mufarooq/Umar_local_data/GenVideo/video/fake/ModelScope/modelscope_107.mp4,fake,face,1.547,fake,,,,,,
modelscope_108.mp4,/home/umflint.edu/mufarooq/Umar_local_data/GenVideo/video/fake/ModelScope/modelscope_108.mp4,fake,face,0.5971,real,,,,,,
modelscope_109.mp4,/home/umflint.edu/mufarooq/Umar_local_data/GenVideo/video/fake/ModelScope/modelscope_109.mp4,fake,no_face,1.2484,fake,,,,,,
modelscope_11.mp4,/home/umflint.edu/mufarooq/Umar_local_data/GenVideo/video/fake/ModelScope/modelscope_11.mp4,fake,face,1.299,fake,,,,,,
modelscope_110.mp4,/home/umflint.edu/mufarooq/Umar_local_data/GenVideo/video/fake/ModelScope/modelscope_110.mp4,fake,face,0.3291,real,,,,,,
modelscope_111.mp4,/home/umflint.edu/mufarooq/Umar_local_data/GenVideo/video/fake/ModelScope/modelscope_111.mp4,fake,no_face,0.2426,real,,,,,,
modelscope_112.mp4,/home/umflint.edu/mufarooq/Umar_local_data/GenVideo/video/fake/ModelScope/modelscope_112.mp4,fake,face,1.2174,fake,,,,,,
modelscope_113.mp4,/home/umflint.edu/mufarooq/Umar_local_data/GenVideo/video/fake/ModelScope/modelscope_113.mp4,fake,face,0.3482,real,,,,,,
modelscope_114.mp4,/home/umflint.edu/mufarooq/Umar_local_data/GenVideo/video/fake/ModelScope/modelscope_114.mp4,fake,face,1.5477,fake,,,,,,
modelscope_115.mp4,/home/umflint.edu/mufarooq/Umar_local_data/GenVideo/video/fake/ModelScope/modelscope_115.mp4,fake,no_face,1.5196,fake,,,,,,
modelscope_116.mp4,/home/umflint.edu/mufarooq/Umar_local_data/GenVideo/video/fake/ModelScope/modelscope_116.mp4,fake,face,1.574,fake,,,,,,
modelscope_117.mp4,/home/umflint.edu/mufarooq/Umar_local_data/GenVideo/video/fake/ModelScope/modelscope_117.mp4,fake,no_face,0.4707,real,,,,,,
modelscope_118.mp4,/home/umflint.edu/mufarooq/Umar_local_data/GenVideo/video/fake/ModelScope/modelscope_118.mp4,fake,no_face,0.2027,real,,,,,,
modelscope_119.mp4,/home/umflint.edu/mufarooq/Umar_local_data/GenVideo/video/fake/ModelScope/modelscope_119.mp4,fake,face,1.0784,fake,,,,,,
modelscope_12.mp4,/home/umflint.edu/mufarooq/Umar_local_data/GenVideo/video/fake/ModelScope/modelscope_12.mp4,fake,face,0.3973,real,,,,,,
modelscope_120.mp4,/home/umflint.edu/mufarooq/Umar_local_data/GenVideo/video/fake/ModelScope/modelscope_120.mp4,fake,face,1.0842,fake,,,,,,
modelscope_121.mp4,/home/umflint.edu/mufarooq/Umar_local_data/GenVideo/video/fake/ModelScope/modelscope_121.mp4,fake,face,0.3336,real,,,,,,
modelscope_122.mp4,/home/umflint.edu/mufarooq/Umar_local_data/GenVideo/video/fake/ModelScope/modelscope_122.mp4,fake,face,0.4344,real,,,,,,
modelscope_123.mp4,/home/umflint.edu/mufarooq/Umar_local_data/GenVideo/video/fake/ModelScope/modelscope_123.mp4,fake,face,0.8753,real,,,,,,
modelscope_124.mp4,/home/umflint.edu/mufarooq/Umar_local_data/GenVideo/video/fake/ModelScope/modelscope_124.mp4,fake,no_face,0.1238,real,,,,,,
modelscope_125.mp4,/home/umflint.edu/mufarooq/Umar_local_data/GenVideo/video/fake/ModelScope/modelscope_125.mp4,fake,face,1.564,fake,,,,,,
modelscope_126.mp4,/home/umflint.edu/mufarooq/Umar_local_data/GenVideo/video/fake/ModelScope/modelscope_126.mp4,fake,face,0.1324,real,,,,,,
modelscope_127.mp4,/home/umflint.edu/mufarooq/Umar_local_data/GenVideo/video/fake/ModelScope/modelscope_127.mp4,fake,face,1.1818,fake,,,,,,
modelscope_128.mp4,/home/umflint.edu/mufarooq/Umar_local_data/GenVideo/video/fake/ModelScope/modelscope_128.mp4,fake,face,0.7306,real,,,,,,
modelscope_129.mp4,/home/umflint.edu/mufarooq/Umar_local_data/GenVideo/video/fake/ModelScope/modelscope_129.mp4,fake,face,0.3575,real,,,,,,
modelscope_13.mp4,/home/umflint.edu/mufarooq/Umar_local_data/GenVideo/video/fake/ModelScope/modelscope_13.mp4,fake,no_face,0.3375,real,,,,,,
modelscope_130.mp4,/home/umflint.edu/mufarooq/Umar_local_data/GenVideo/video/fake/ModelScope/modelscope_130.mp4,fake,face,0.2775,real,,,,,,
modelscope_131.mp4,/home/umflint.edu/mufarooq/Umar_local_data/GenVideo/video/fake/ModelScope/modelscope_131.mp4,fake,no_face,1.0304,fake,,,,,,
modelscope_132.mp4,/home/umflint.edu/mufarooq/Umar_local_data/GenVideo/video/fake/ModelScope/modelscope_132.mp4,fake,face,0.3778,real,,,,,,
modelscope_133.mp4,/home/umflint.edu/mufarooq/Umar_local_data/GenVideo/video/fake/ModelScope/modelscope_133.mp4,fake,face,0.5513,real,,,,,,
modelscope_134.mp4,/home/umflint.edu/mufarooq/Umar_local_data/GenVideo/video/fake/ModelScope/modelscope_134.mp4,fake,face,1.4056,fake,,,,,,
modelscope_135.mp4,/home/umflint.edu/mufarooq/Umar_local_data/GenVideo/video/fake/ModelScope/modelscope_135.mp4,fake,face,1.4913,fake,,,,,,
modelscope_136.mp4,/home/umflint.edu/mufarooq/Umar_local_data/GenVideo/video/fake/ModelScope/modelscope_136.mp4,fake,no_face,0.2202,real,,,,,,
modelscope_137.mp4,/home/umflint.edu/mufarooq/Umar_local_data/GenVideo/video/fake/ModelScope/modelscope_137.mp4,fake,face,0.591,real,,,,,,
modelscope_138.mp4,/home/umflint.edu/mufarooq/Umar_local_data/GenVideo/video/fake/ModelScope/modelscope_138.mp4,fake,face,1.5666,fake,,,,,,
modelscope_139.mp4,/home/umflint.edu/mufarooq/Umar_local_data/GenVideo/video/fake/ModelScope/modelscope_139.mp4,fake,no_face,1.5578,fake,,,,,,
modelscope_14.mp4,/home/umflint.edu/mufarooq/Umar_local_data/GenVideo/video/fake/ModelScope/modelscope_14.mp4,fake,face,0.4024,real,,,,,,
modelscope_140.mp4,/home/umflint.edu/mufarooq/Umar_local_data/GenVideo/video/fake/ModelScope/modelscope_140.mp4,fake,face,1.4907,fake,,,,,,
modelscope_141.mp4,/home/umflint.edu/mufarooq/Umar_local_data/GenVideo/video/fake/ModelScope/modelscope_141.mp4,fake,face,1.2055,fake,,,,,,
modelscope_142.mp4,/home/umflint.edu/mufarooq/Umar_local_data/GenVideo/video/fake/ModelScope/modelscope_142.mp4,fake,face,0.2591,real,,,,,,
modelscope_143.mp4,/home/umflint.edu/mufarooq/Umar_local_data/GenVideo/video/fake/ModelScope/modelscope_143.mp4,fake,face,1.573,fake,,,,,,
hotshot_1.mp4,/home/umflint.edu/mufarooq/Umar_local_data/GenVideo/video/fake/HotShot/hotshot_1.mp4,fake,no_face,0.6205,real,,,,,,
hotshot_10.mp4,/home/umflint.edu/mufarooq/Umar_local_data/GenVideo/video/fake/HotShot/hotshot_10.mp4,fake,face,0.4012,real,,,,,,
hotshot_100.mp4,/home/umflint.edu/mufarooq/Umar_local_data/GenVideo/video/fake/HotShot/hotshot_100.mp4,fake,no_face,0.2202,real,,,,,,
hotshot_101.mp4,/home/umflint.edu/mufarooq/Umar_local_data/GenVideo/video/fake/HotShot/hotshot_101.mp4,fake,face,0.1542,real,,,,,,
hotshot_102.mp4,/home/umflint.edu/mufarooq/Umar_local_data/GenVideo/video/fake/HotShot/hotshot_102.mp4,fake,no_face,0.1357,real,,,,,,
hotshot_103.mp4,/home/umflint.edu/mufarooq/Umar_local_data/GenVideo/video/fake/HotShot/hotshot_103.mp4,fake,no_face,1.1074,fake,,,,,,
hotshot_104.mp4,/home/umflint.edu/mufarooq/Umar_local_data/GenVideo/video/fake/HotShot/hotshot_104.mp4,fake,face,0.738,real,,,,,,
hotshot_105.mp4,/home/umflint.edu/mufarooq/Umar_local_data/GenVideo/video/fake/HotShot/hotshot_105.mp4,fake,no_face,0.7615,real,,,,,,
hotshot_106.mp4,/home/umflint.edu/mufarooq/Umar_local_data/GenVideo/video/fake/HotShot/hotshot_106.mp4,fake,no_face,1.2327,fake,,,,,,
hotshot_107.mp4,/home/umflint.edu/mufarooq/Umar_local_data/GenVideo/video/fake/HotShot/hotshot_107.mp4,fake,face,0.1165,real,,,,,,
hotshot_108.mp4,/home/umflint.edu/mufarooq/Umar_local_data/GenVideo/video/fake/HotShot/hotshot_108.mp4,fake,no_face,0.2587,real,,,,,,
hotshot_109.mp4,/home/umflint.edu/mufarooq/Umar_local_data/GenVideo/video/fake/HotShot/hotshot_109.mp4,fake,no_face,0.2654,real,,,,,,
hotshot_11.mp4,/home/umflint.edu/mufarooq/Umar_local_data/GenVideo/video/fake/HotShot/hotshot_11.mp4,fake,no_face,0.7669,real,,,,,,
hotshot_110.mp4,/home/umflint.edu/mufarooq/Umar_local_data/GenVideo/video/fake/HotShot/hotshot_110.mp4,fake,no_face,0.2624,real,,,,,,
hotshot_111.mp4,/home/umflint.edu/mufarooq/Umar_local_data/GenVideo/video/fake/HotShot/hotshot_111.mp4,fake,no_face,1.1223,fake,,,,,,
hotshot_112.mp4,/home/umflint.edu/mufarooq/Umar_local_data/GenVideo/video/fake/HotShot/hotshot_112.mp4,fake,face,0.9581,real,,,,,,
hotshot_113.mp4,/home/umflint.edu/mufarooq/Umar_local_data/GenVideo/video/fake/HotShot/hotshot_113.mp4,fake,no_face,0.4304,real,,,,,,
hotshot_114.mp4,/home/umflint.edu/mufarooq/Umar_local_data/GenVideo/video/fake/HotShot/hotshot_114.mp4,fake,no_face,0.1657,real,,,,,,
hotshot_115.mp4,/home/umflint.edu/mufarooq/Umar_local_data/GenVideo/video/fake/HotShot/hotshot_115.mp4,fake,no_face,1.5496,fake,,,,,,
hotshot_116.mp4,/home/umflint.edu/mufarooq/Umar_local_data/GenVideo/video/fake/HotShot/hotshot_116.mp4,fake,face,0.1368,real,,,,,,
hotshot_117.mp4,/home/umflint.edu/mufarooq/Umar_local_data/GenVideo/video/fake/HotShot/hotshot_117.mp4,fake,face,0.8788,real,,,,,,
hotshot_118.mp4,/home/umflint.edu/mufarooq/Umar_local_data/GenVideo/video/fake/HotShot/hotshot_118.mp4,fake,face,0.3301,real,,,,,,
hotshot_119.mp4,/home/umflint.edu/mufarooq/Umar_local_data/GenVideo/video/fake/HotShot/hotshot_119.mp4,fake,no_face,0.1901,real,,,,,,
hotshot_12.mp4,/home/umflint.edu/mufarooq/Umar_local_data/GenVideo/video/fake/HotShot/hotshot_12.mp4,fake,no_face,0.1979,real,,,,,,
hotshot_120.mp4,/home/umflint.edu/mufarooq/Umar_local_data/GenVideo/video/fake/HotShot/hotshot_120.mp4,fake,face,0.7231,real,,,,,,
hotshot_121.mp4,/home/umflint.edu/mufarooq/Umar_local_data/GenVideo/video/fake/HotShot/hotshot_121.mp4,fake,face,0.2922,real,,,,,,
hotshot_122.mp4,/home/umflint.edu/mufarooq/Umar_local_data/GenVideo/video/fake/HotShot/hotshot_122.mp4,fake,no_face,1.1394,fake,,,,,,
hotshot_123.mp4,/home/umflint.edu/mufarooq/Umar_local_data/GenVideo/video/fake/HotShot/hotshot_123.mp4,fake,no_face,0.5573,real,,,,,,
hotshot_124.mp4,/home/umflint.edu/mufarooq/Umar_local_data/GenVideo/video/fake/HotShot/hotshot_124.mp4,fake,face,0.0892,real,,,,,,
hotshot_125.mp4,/home/umflint.edu/mufarooq/Umar_local_data/GenVideo/video/fake/HotShot/hotshot_125.mp4,fake,face,1.4258,fake,,,,,,
hotshot_126.mp4,/home/umflint.edu/mufarooq/Umar_local_data/GenVideo/video/fake/HotShot/hotshot_126.mp4,fake,no_face,1.3735,fake,,,,,,
hotshot_127.mp4,/home/umflint.edu/mufarooq/Umar_local_data/GenVideo/video/fake/HotShot/hotshot_127.mp4,fake,face,0.5779,real,,,,,,
hotshot_128.mp4,/home/umflint.edu/mufarooq/Umar_local_data/GenVideo/video/fake/HotShot/hotshot_128.mp4,fake,no_face,0.9128,real,,,,,,
hotshot_129.mp4,/home/umflint.edu/mufarooq/Umar_local_data/GenVideo/video/fake/HotShot/hotshot_129.mp4,fake,no_face,0.2081,real,,,,,,
hotshot_13.mp4,/home/umflint.edu/mufarooq/Umar_local_data/GenVideo/video/fake/HotShot/hotshot_13.mp4,fake,no_face,0.2256,real,,,,,,
hotshot_130.mp4,/home/umflint.edu/mufarooq/Umar_local_data/GenVideo/video/fake/HotShot/hotshot_130.mp4,fake,no_face,1.3721,fake,,,,,,
hotshot_131.mp4,/home/umflint.edu/mufarooq/Umar_local_data/GenVideo/video/fake/HotShot/hotshot_131.mp4,fake,face,0.1499,real,,,,,,
hotshot_132.mp4,/home/umflint.edu/mufarooq/Umar_local_data/GenVideo/video/fake/HotShot/hotshot_132.mp4,fake,face,1.1904,fake,,,,,,
hotshot_133.mp4,/home/umflint.edu/mufarooq/Umar_local_data/GenVideo/video/fake/HotShot/hotshot_133.mp4,fake,no_face,0.2358,real,,,,,,
hotshot_134.mp4,/home/umflint.edu/mufarooq/Umar_local_data/GenVideo/video/fake/HotShot/hotshot_134.mp4,fake,no_face,1.53,fake,,,,,,
hotshot_135.mp4,/home/umflint.edu/mufarooq/Umar_local_data/GenVideo/video/fake/HotShot/hotshot_135.mp4,fake,no_face,1.332,fake,,,,,,
hotshot_136.mp4,/home/umflint.edu/mufarooq/Umar_local_data/GenVideo/video/fake/HotShot/hotshot_136.mp4,fake,no_face,0.9051,real,,,,,,
hotshot_137.mp4,/home/umflint.edu/mufarooq/Umar_local_data/GenVideo/video/fake/HotShot/hotshot_137.mp4,fake,face,1.184,fake,,,,,,
hotshot_138.mp4,/home/umflint.edu/mufarooq/Umar_local_data/GenVideo/video/fake/HotShot/hotshot_138.mp4,fake,no_face,1.3244,fake,,,,,,
hotshot_139.mp4,/home/umflint.edu/mufarooq/Umar_local_data/GenVideo/video/fake/HotShot/hotshot_139.mp4,fake,no_face,1.5672,fake,,,,,,
hotshot_14.mp4,/home/umflint.edu/mufarooq/Umar_local_data/GenVideo/video/fake/HotShot/hotshot_14.mp4,fake,face,0.3335,real,,,,,,
hotshot_140.mp4,/home/umflint.edu/mufarooq/Umar_local_data/GenVideo/video/fake/HotShot/hotshot_140.mp4,fake,no_face,0.6278,real,,,,,,
hotshot_141.mp4,/home/umflint.edu/mufarooq/Umar_local_data/GenVideo/video/fake/HotShot/hotshot_141.mp4,fake,no_face,0.3132,real,,,,,,
hotshot_142.mp4,/home/umflint.edu/mufarooq/Umar_local_data/GenVideo/video/fake/HotShot/hotshot_142.mp4,fake,no_face,1.574,fake,,,,,,
hotshot_143.mp4,/home/umflint.edu/mufarooq/Umar_local_data/GenVideo/video/fake/HotShot/hotshot_143.mp4,fake,face,1.0605,fake,,,,,,
000_003.mp4,/home/umflint.edu/mufarooq/Umar_local_data/GenVideo/video/fake/DeepFakes/000_003.mp4,fake,face,0.5566,real,,,,,,
001_870.mp4,/home/umflint.edu/mufarooq/Umar_local_data/GenVideo/video/fake/DeepFakes/001_870.mp4,fake,face,0.3188,real,,,,,,
002_006.mp4,/home/umflint.edu/mufarooq/Umar_local_data/GenVideo/video/fake/DeepFakes/002_006.mp4,fake,face,0.816,real,,,,,,
003_000.mp4,/home/umflint.edu/mufarooq/Umar_local_data/GenVideo/video/fake/DeepFakes/003_000.mp4,fake,face,0.3616,real,,,,,,
004_982.mp4,/home/umflint.edu/mufarooq/Umar_local_data/GenVideo/video/fake/DeepFakes/004_982.mp4,fake,face,0.2873,real,,,,,,
005_010.mp4,/home/umflint.edu/mufarooq/Umar_local_data/GenVideo/video/fake/DeepFakes/005_010.mp4,fake,face,1.5456,fake,,,,,,
006_002.mp4,/home/umflint.edu/mufarooq/Umar_local_data/GenVideo/video/fake/DeepFakes/006_002.mp4,fake,face,0.168,real,,,,,,
007_132.mp4,/home/umflint.edu/mufarooq/Umar_local_data/GenVideo/video/fake/DeepFakes/007_132.mp4,fake,face,0.12,real,,,,,,
008_990.mp4,/home/umflint.edu/mufarooq/Umar_local_data/GenVideo/video/fake/DeepFakes/008_990.mp4,fake,face,0.476,real,,,,,,
009_027.mp4,/home/umflint.edu/mufarooq/Umar_local_data/GenVideo/video/fake/DeepFakes/009_027.mp4,fake,face,0.7167,real,,,,,,
010_005.mp4,/home/umflint.edu/mufarooq/Umar_local_data/GenVideo/video/fake/DeepFakes/010_005.mp4,fake,face,0.5005,real,,,,,,
011_805.mp4,/home/umflint.edu/mufarooq/Umar_local_data/GenVideo/video/fake/DeepFakes/011_805.mp4,fake,face,0.3036,real,,,,,,
012_026.mp4,/home/umflint.edu/mufarooq/Umar_local_data/GenVideo/video/fake/DeepFakes/012_026.mp4,fake,face,0.2784,real,,,,,,
013_883.mp4,/home/umflint.edu/mufarooq/Umar_local_data/GenVideo/video/fake/DeepFakes/013_883.mp4,fake,face,0.3353,real,,,,,,
014_790.mp4,/home/umflint.edu/mufarooq/Umar_local_data/GenVideo/video/fake/DeepFakes/014_790.mp4,fake,face,1.1967,fake,,,,,,
015_919.mp4,/home/umflint.edu/mufarooq/Umar_local_data/GenVideo/video/fake/DeepFakes/015_919.mp4,fake,face,0.835,real,,,,,,
016_209.mp4,/home/umflint.edu/mufarooq/Umar_local_data/GenVideo/video/fake/DeepFakes/016_209.mp4,fake,face,0.1389,real,,,,,,
017_803.mp4,/home/umflint.edu/mufarooq/Umar_local_data/GenVideo/video/fake/DeepFakes/017_803.mp4,fake,face,1.3886,fake,,,,,,
018_019.mp4,/home/umflint.edu/mufarooq/Umar_local_data/GenVideo/video/fake/DeepFakes/018_019.mp4,fake,face,1.1016,fake,,,,,,
019_018.mp4,/home/umflint.edu/mufarooq/Umar_local_data/GenVideo/video/fake/DeepFakes/019_018.mp4,fake,face,0.9742,real,,,,,,
020_344.mp4,/home/umflint.edu/mufarooq/Umar_local_data/GenVideo/video/fake/DeepFakes/020_344.mp4,fake,face,0.8666,real,,,,,,
021_312.mp4,/home/umflint.edu/mufarooq/Umar_local_data/GenVideo/video/fake/DeepFakes/021_312.mp4,fake,face,0.4781,real,,,,,,
022_489.mp4,/home/umflint.edu/mufarooq/Umar_local_data/GenVideo/video/fake/DeepFakes/022_489.mp4,fake,face,1.3179,fake,,,,,,
023_923.mp4,/home/umflint.edu/mufarooq/Umar_local_data/GenVideo/video/fake/DeepFakes/023_923.mp4,fake,face,0.753,real,,,,,,
024_073.mp4,/home/umflint.edu/mufarooq/Umar_local_data/GenVideo/video/fake/DeepFakes/024_073.mp4,fake,face,0.5187,real,,,,,,
025_067.mp4,/home/umflint.edu/mufarooq/Umar_local_data/GenVideo/video/fake/DeepFakes/025_067.mp4,fake,face,0.7385,real,,,,,,
026_012.mp4,/home/umflint.edu/mufarooq/Umar_local_data/GenVideo/video/fake/DeepFakes/026_012.mp4,fake,face,0.3139,real,,,,,,
027_009.mp4,/home/umflint.edu/mufarooq/Umar_local_data/GenVideo/video/fake/DeepFakes/027_009.mp4,fake,face,1.0696,fake,,,,,,
028_068.mp4,/home/umflint.edu/mufarooq/Umar_local_data/GenVideo/video/fake/DeepFakes/028_068.mp4,fake,face,0.9926,real,,,,,,
029_048.mp4,/home/umflint.edu/mufarooq/Umar_local_data/GenVideo/video/fake/DeepFakes/029_048.mp4,fake,face,0.2263,real,,,,,,
030_193.mp4,/home/umflint.edu/mufarooq/Umar_local_data/GenVideo/video/fake/DeepFakes/030_193.mp4,fake,face,0.9154,real,,,,,,
031_163.mp4,/home/umflint.edu/mufarooq/Umar_local_data/GenVideo/video/fake/DeepFakes/031_163.mp4,fake,face,0.6626,real,,,,,,
032_944.mp4,/home/umflint.edu/mufarooq/Umar_local_data/GenVideo/video/fake/DeepFakes/032_944.mp4,fake,face,0.1927,real,,,,,,
033_097.mp4,/home/umflint.edu/mufarooq/Umar_local_data/GenVideo/video/fake/DeepFakes/033_097.mp4,fake,face,0.1766,real,,,,,,
034_590.mp4,/home/umflint.edu/mufarooq/Umar_local_data/GenVideo/video/fake/DeepFakes/034_590.mp4,fake,face,0.1737,real,,,,,,
035_036.mp4,/home/umflint.edu/mufarooq/Umar_local_data/GenVideo/video/fake/DeepFakes/035_036.mp4,fake,face,0.3162,real,,,,,,
036_035.mp4,/home/umflint.edu/mufarooq/Umar_local_data/GenVideo/video/fake/DeepFakes/036_035.mp4,fake,face,0.1509,real,,,,,,
037_072.mp4,/home/umflint.edu/mufarooq/Umar_local_data/GenVideo/video/fake/DeepFakes/037_072.mp4,fake,face,1.4815,fake,,,,,,
038_125.mp4,/home/umflint.edu/mufarooq/Umar_local_data/GenVideo/video/fake/DeepFakes/038_125.mp4,fake,face,0.4831,real,,,,,,
039_058.mp4,/home/umflint.edu/mufarooq/Umar_local_data/GenVideo/video/fake/DeepFakes/039_058.mp4,fake,face,0.6192,real,,,,,,
040_997.mp4,/home/umflint.edu/mufarooq/Umar_local_data/GenVideo/video/fake/DeepFakes/040_997.mp4,fake,face,1.4566,fake,,,,,,
041_063.mp4,/home/umflint.edu/mufarooq/Umar_local_data/GenVideo/video/fake/DeepFakes/041_063.mp4,fake,face,0.5624,real,,,,,,
042_084.mp4,/home/umflint.edu/mufarooq/Umar_local_data/GenVideo/video/fake/DeepFakes/042_084.mp4,fake,face,0.3359,real,,,,,,
043_110.mp4,/home/umflint.edu/mufarooq/Umar_local_data/GenVideo/video/fake/DeepFakes/043_110.mp4,fake,face,0.4308,real,,,,,,
044_945.mp4,/home/umflint.edu/mufarooq/Umar_local_data/GenVideo/video/fake/DeepFakes/044_945.mp4,fake,face,0.587,real,,,,,,
045_889.mp4,/home/umflint.edu/mufarooq/Umar_local_data/GenVideo/video/fake/DeepFakes/045_889.mp4,fake,face,0.862,real,,,,,,
046_904.mp4,/home/umflint.edu/mufarooq/Umar_local_data/GenVideo/video/fake/DeepFakes/046_904.mp4,fake,face,0.5216,real,,,,,,
047_862.mp4,/home/umflint.edu/mufarooq/Umar_local_data/GenVideo/video/fake/DeepFakes/047_862.mp4,fake,face,0.6683,real,,,,,,
048_029.mp4,/home/umflint.edu/mufarooq/Umar_local_data/GenVideo/video/fake/DeepFakes/048_029.mp4,fake,face,0.6278,real,,,,,,
049_946.mp4,/home/umflint.edu/mufarooq/Umar_local_data/GenVideo/video/fake/DeepFakes/049_946.mp4,fake,face,0.1811,real,,,,,,
gen2_1.mp4,/home/umflint.edu/mufarooq/Umar_local_data/GenVideo/video/fake/Gen2/gen2_1.mp4,fake,no_face,1.1692,fake,,,,,,
gen2_10.mp4,/home/umflint.edu/mufarooq/Umar_local_data/GenVideo/video/fake/Gen2/gen2_10.mp4,fake,no_face,0.1555,real,,,,,,
gen2_100.mp4,/home/umflint.edu/mufarooq/Umar_local_data/GenVideo/video/fake/Gen2/gen2_100.mp4,fake,face,0.1492,real,,,,,,
gen2_1000.mp4,/home/umflint.edu/mufarooq/Umar_local_data/GenVideo/video/fake/Gen2/gen2_1000.mp4,fake,face,0.9819,real,,,,,,
gen2_1001.mp4,/home/umflint.edu/mufarooq/Umar_local_data/GenVideo/video/fake/Gen2/gen2_1001.mp4,fake,no_face,0.4736,real,,,,,,
gen2_1002.mp4,/home/umflint.edu/mufarooq/Umar_local_data/GenVideo/video/fake/Gen2/gen2_1002.mp4,fake,no_face,0.2398,real,,,,,,
gen2_1003.mp4,/home/umflint.edu/mufarooq/Umar_local_data/GenVideo/video/fake/Gen2/gen2_1003.mp4,fake,face,1.5663,fake,,,,,,
gen2_1004.mp4,/home/umflint.edu/mufarooq/Umar_local_data/GenVideo/video/fake/Gen2/gen2_1004.mp4,fake,face,0.8075,real,,,,,,
gen2_1005.mp4,/home/umflint.edu/mufarooq/Umar_local_data/GenVideo/video/fake/Gen2/gen2_1005.mp4,fake,face,0.4093,real,,,,,,
gen2_1006.mp4,/home/umflint.edu/mufarooq/Umar_local_data/GenVideo/video/fake/Gen2/gen2_1006.mp4,fake,face,0.4432,real,,,,,,
gen2_1007.mp4,/home/umflint.edu/mufarooq/Umar_local_data/GenVideo/video/fake/Gen2/gen2_1007.mp4,fake,no_face,0.2134,real,,,,,,
gen2_1008.mp4,/home/umflint.edu/mufarooq/Umar_local_data/GenVideo/video/fake/Gen2/gen2_1008.mp4,fake,face,0.6822,real,,,,,,
gen2_1009.mp4,/home/umflint.edu/mufarooq/Umar_local_data/GenVideo/video/fake/Gen2/gen2_1009.mp4,fake,no_face,0.1574,real,,,,,,
gen2_101.mp4,/home/umflint.edu/mufarooq/Umar_local_data/GenVideo/video/fake/Gen2/gen2_101.mp4,fake,face,0.1702,real,,,,,,
gen2_1010.mp4,/home/umflint.edu/mufarooq/Umar_local_data/GenVideo/video/fake/Gen2/gen2_1010.mp4,fake,face,1.1711,fake,,,,,,
gen2_1011.mp4,/home/umflint.edu/mufarooq/Umar_local_data/GenVideo/video/fake/Gen2/gen2_1011.mp4,fake,face,0.324,real,,,,,,
gen2_1012.mp4,/home/umflint.edu/mufarooq/Umar_local_data/GenVideo/video/fake/Gen2/gen2_1012.mp4,fake,face,0.1992,real,,,,,,
gen2_1013.mp4,/home/umflint.edu/mufarooq/Umar_local_data/GenVideo/video/fake/Gen2/gen2_1013.mp4,fake,no_face,0.443,real,,,,,,
gen2_1014.mp4,/home/umflint.edu/mufarooq/Umar_local_data/GenVideo/video/fake/Gen2/gen2_1014.mp4,fake,no_face,1.0644,fake,,,,,,
gen2_1015.mp4,/home/umflint.edu/mufarooq/Umar_local_data/GenVideo/video/fake/Gen2/gen2_1015.mp4,fake,face,0.1692,real,,,,,,
gen2_1016.mp4,/home/umflint.edu/mufarooq/Umar_local_data/GenVideo/video/fake/Gen2/gen2_1016.mp4,fake,face,0.1654,real,,,,,,
gen2_1017.mp4,/home/umflint.edu/mufarooq/Umar_local_data/GenVideo/video/fake/Gen2/gen2_1017.mp4,fake,no_face,0.5928,real,,,,,,
gen2_1018.mp4,/home/umflint.edu/mufarooq/Umar_local_data/GenVideo/video/fake/Gen2/gen2_1018.mp4,fake,face,0.4038,real,,,,,,
gen2_1019.mp4,/home/umflint.edu/mufarooq/Umar_local_data/GenVideo/video/fake/Gen2/gen2_1019.mp4,fake,no_face,1.4285,fake,,,,,,
gen2_102.mp4,/home/umflint.edu/mufarooq/Umar_local_data/GenVideo/video/fake/Gen2/gen2_102.mp4,fake,no_face,1.572,fake,,,,,,
gen2_1020.mp4,/home/umflint.edu/mufarooq/Umar_local_data/GenVideo/video/fake/Gen2/gen2_1020.mp4,fake,face,0.1992,real,,,,,,
gen2_1021.mp4,/home/umflint.edu/mufarooq/Umar_local_data/GenVideo/video/fake/Gen2/gen2_1021.mp4,fake,no_face,0.1632,real,,,,,,
gen2_1022.mp4,/home/umflint.edu/mufarooq/Umar_local_data/GenVideo/video/fake/Gen2/gen2_1022.mp4,fake,no_face,1.4845,fake,,,,,,
gen2_1023.mp4,/home/umflint.edu/mufarooq/Umar_local_data/GenVideo/video/fake/Gen2/gen2_1023.mp4,fake,no_face,0.1799,real,,,,,,
gen2_1024.mp4,/home/umflint.edu/mufarooq/Umar_local_data/GenVideo/video/fake/Gen2/gen2_1024.mp4,fake,no_face,0.471,real,,,,,,
gen2_1025.mp4,/home/umflint.edu/mufarooq/Umar_local_data/GenVideo/video/fake/Gen2/gen2_1025.mp4,fake,no_face,0.4502,real,,,,,,
gen2_1026.mp4,/home/umflint.edu/mufarooq/Umar_local_data/GenVideo/video/fake/Gen2/gen2_1026.mp4,fake,no_face,0.4211,real,,,,,,
gen2_1027.mp4,/home/umflint.edu/mufarooq/Umar_local_data/GenVideo/video/fake/Gen2/gen2_1027.mp4,fake,no_face,1.0584,fake,,,,,,
gen2_1028.mp4,/home/umflint.edu/mufarooq/Umar_local_data/GenVideo/video/fake/Gen2/gen2_1028.mp4,fake,no_face,0.2472,real,,,,,,
gen2_1029.mp4,/home/umflint.edu/mufarooq/Umar_local_data/GenVideo/video/fake/Gen2/gen2_1029.mp4,fake,no_face,0.5926,real,,,,,,
gen2_103.mp4,/home/umflint.edu/mufarooq/Umar_local_data/GenVideo/video/fake/Gen2/gen2_103.mp4,fake,no_face,0.9994,real,,,,,,
gen2_1030.mp4,/home/umflint.edu/mufarooq/Umar_local_data/GenVideo/video/fake/Gen2/gen2_1030.mp4,fake,no_face,0.1548,real,,,,,,
gen2_1031.mp4,/home/umflint.edu/mufarooq/Umar_local_data/GenVideo/video/fake/Gen2/gen2_1031.mp4,fake,no_face,0.1619,real,,,,,,
gen2_1032.mp4,/home/umflint.edu/mufarooq/Umar_local_data/GenVideo/video/fake/Gen2/gen2_1032.mp4,fake,no_face,0.1678,real,,,,,,
gen2_1033.mp4,/home/umflint.edu/mufarooq/Umar_local_data/GenVideo/video/fake/Gen2/gen2_1033.mp4,fake,no_face,0.3193,real,,,,,,
gen2_1034.mp4,/home/umflint.edu/mufarooq/Umar_local_data/GenVideo/video/fake/Gen2/gen2_1034.mp4,fake,no_face,0.1788,real,,,,,,
gen2_1035.mp4,/home/umflint.edu/mufarooq/Umar_local_data/GenVideo/video/fake/Gen2/gen2_1035.mp4,fake,face,0.183,real,,,,,,
gen2_1036.mp4,/home/umflint.edu/mufarooq/Umar_local_data/GenVideo/video/fake/Gen2/gen2_1036.mp4,fake,face,1.3735,fake,,,,,,
gen2_1037.mp4,/home/umflint.edu/mufarooq/Umar_local_data/GenVideo/video/fake/Gen2/gen2_1037.mp4,fake,no_face,0.17,real,,,,,,
gen2_1038.mp4,/home/umflint.edu/mufarooq/Umar_local_data/GenVideo/video/fake/Gen2/gen2_1038.mp4,fake,no_face,0.2059,real,,,,,,
gen2_1039.mp4,/home/umflint.edu/mufarooq/Umar_local_data/GenVideo/video/fake/Gen2/gen2_1039.mp4,fake,no_face,0.4065,real,,,,,,
gen2_104.mp4,/home/umflint.edu/mufarooq/Umar_local_data/GenVideo/video/fake/Gen2/gen2_104.mp4,fake,face,0.1463,real,,,,,,
gen2_1040.mp4,/home/umflint.edu/mufarooq/Umar_local_data/GenVideo/video/fake/Gen2/gen2_1040.mp4,fake,no_face,0.1628,real,,,,,,
gen2_1041.mp4,/home/umflint.edu/mufarooq/Umar_local_data/GenVideo/video/fake/Gen2/gen2_1041.mp4,fake,no_face,0.8421,real,,,,,,
gen2_1042.mp4,/home/umflint.edu/mufarooq/Umar_local_data/GenVideo/video/fake/Gen2/gen2_1042.mp4,fake,no_face,0.3835,real,,,,,,
MoonValley_1.mp4,/home/umflint.edu/mufarooq/Umar_local_data/GenVideo/video/fake/MoonValley/MoonValley_1.mp4,fake,no_face,1.3566,fake,,,,,,
MoonValley_10.mp4,/home/umflint.edu/mufarooq/Umar_local_data/GenVideo/video/fake/MoonValley/MoonValley_10.mp4,fake,no_face,1.4338,fake,,,,,,
MoonValley_100.mp4,/home/umflint.edu/mufarooq/Umar_local_data/GenVideo/video/fake/MoonValley/MoonValley_100.mp4,fake,face,1.5645,fake,,,,,,
MoonValley_101.mp4,/home/umflint.edu/mufarooq/Umar_local_data/GenVideo/video/fake/MoonValley/MoonValley_101.mp4,fake,face,1.4661,fake,,,,,,
MoonValley_102.mp4,/home/umflint.edu/mufarooq/Umar_local_data/GenVideo/video/fake/MoonValley/MoonValley_102.mp4,fake,face,1.4416,fake,,,,,,
MoonValley_103.mp4,/home/umflint.edu/mufarooq/Umar_local_data/GenVideo/video/fake/MoonValley/MoonValley_103.mp4,fake,face,1.1342,fake,,,,,,
MoonValley_104.mp4,/home/umflint.edu/mufarooq/Umar_local_data/GenVideo/video/fake/MoonValley/MoonValley_104.mp4,fake,face,1.5013,fake,,,,,,
MoonValley_105.mp4,/home/umflint.edu/mufarooq/Umar_local_data/GenVideo/video/fake/MoonValley/MoonValley_105.mp4,fake,face,1.2887,fake,,,,,,
MoonValley_106.mp4,/home/umflint.edu/mufarooq/Umar_local_data/GenVideo/video/fake/MoonValley/MoonValley_106.mp4,fake,face,1.5094,fake,,,,,,
MoonValley_107.mp4,/home/umflint.edu/mufarooq/Umar_local_data/GenVideo/video/fake/MoonValley/MoonValley_107.mp4,fake,face,1.5746,fake,,,,,,
MoonValley_108.mp4,/home/umflint.edu/mufarooq/Umar_local_data/GenVideo/video/fake/MoonValley/MoonValley_108.mp4,fake,face,1.5747,fake,,,,,,
MoonValley_109.mp4,/home/umflint.edu/mufarooq/Umar_local_data/GenVideo/video/fake/MoonValley/MoonValley_109.mp4,fake,face,1.5725,fake,,,,,,
MoonValley_11.mp4,/home/umflint.edu/mufarooq/Umar_local_data/GenVideo/video/fake/MoonValley/MoonValley_11.mp4,fake,no_face,1.5735,fake,,,,,,
MoonValley_110.mp4,/home/umflint.edu/mufarooq/Umar_local_data/GenVideo/video/fake/MoonValley/MoonValley_110.mp4,fake,face,1.569,fake,,,,,,
MoonValley_111.mp4,/home/umflint.edu/mufarooq/Umar_local_data/GenVideo/video/fake/MoonValley/MoonValley_111.mp4,fake,no_face,1.2898,fake,,,,,,
MoonValley_112.mp4,/home/umflint.edu/mufarooq/Umar_local_data/GenVideo/video/fake/MoonValley/MoonValley_112.mp4,fake,no_face,1.5744,fake,,,,,,
MoonValley_113.mp4,/home/umflint.edu/mufarooq/Umar_local_data/GenVideo/video/fake/MoonValley/MoonValley_113.mp4,fake,no_face,1.4908,fake,,,,,,
MoonValley_114.mp4,/home/umflint.edu/mufarooq/Umar_local_data/GenVideo/video/fake/MoonValley/MoonValley_114.mp4,fake,no_face,1.4422,fake,,,,,,
MoonValley_115.mp4,/home/umflint.edu/mufarooq/Umar_local_data/GenVideo/video/fake/MoonValley/MoonValley_115.mp4,fake,face,1.5464,fake,,,,,,
MoonValley_116.mp4,/home/umflint.edu/mufarooq/Umar_local_data/GenVideo/video/fake/MoonValley/MoonValley_116.mp4,fake,face,1.5659,fake,,,,,,
MoonValley_117.mp4,/home/umflint.edu/mufarooq/Umar_local_data/GenVideo/video/fake/MoonValley/MoonValley_117.mp4,fake,face,1.5743,fake,,,,,,
MoonValley_118.mp4,/home/umflint.edu/mufarooq/Umar_local_data/GenVideo/video/fake/MoonValley/MoonValley_118.mp4,fake,face,1.5744,fake,,,,,,
MoonValley_119.mp4,/home/umflint.edu/mufarooq/Umar_local_data/GenVideo/video/fake/MoonValley/MoonValley_119.mp4,fake,face,1.5355,fake,,,,,,
MoonValley_12.mp4,/home/umflint.edu/mufarooq/Umar_local_data/GenVideo/video/fake/MoonValley/MoonValley_12.mp4,fake,face,1.4125,fake,,,,,,
MoonValley_120.mp4,/home/umflint.edu/mufarooq/Umar_local_data/GenVideo/video/fake/MoonValley/MoonValley_120.mp4,fake,no_face,1.5678,fake,,,,,,
MoonValley_121.mp4,/home/umflint.edu/mufarooq/Umar_local_data/GenVideo/video/fake/MoonValley/MoonValley_121.mp4,fake,no_face,1.5747,fake,,,,,,
MoonValley_122.mp4,/home/umflint.edu/mufarooq/Umar_local_data/GenVideo/video/fake/MoonValley/MoonValley_122.mp4,fake,no_face,1.574,fake,,,,,,
MoonValley_123.mp4,/home/umflint.edu/mufarooq/Umar_local_data/GenVideo/video/fake/MoonValley/MoonValley_123.mp4,fake,no_face,1.5591,fake,,,,,,
MoonValley_124.mp4,/home/umflint.edu/mufarooq/Umar_local_data/GenVideo/video/fake/MoonValley/MoonValley_124.mp4,fake,face,1.2674,fake,,,,,,
MoonValley_125.mp4,/home/umflint.edu/mufarooq/Umar_local_data/GenVideo/video/fake/MoonValley/MoonValley_125.mp4,fake,face,1.2901,fake,,,,,,
MoonValley_126.mp4,/home/umflint.edu/mufarooq/Umar_local_data/GenVideo/video/fake/MoonValley/MoonValley_126.mp4,fake,no_face,1.5711,fake,,,,,,
MoonValley_127.mp4,/home/umflint.edu/mufarooq/Umar_local_data/GenVideo/video/fake/MoonValley/MoonValley_127.mp4,fake,no_face,1.5344,fake,,,,,,
MoonValley_128.mp4,/home/umflint.edu/mufarooq/Umar_local_data/GenVideo/video/fake/MoonValley/MoonValley_128.mp4,fake,face,1.5704,fake,,,,,,
MoonValley_129.mp4,/home/umflint.edu/mufarooq/Umar_local_data/GenVideo/video/fake/MoonValley/MoonValley_129.mp4,fake,face,1.5736,fake,,,,,,
MoonValley_13.mp4,/home/umflint.edu/mufarooq/Umar_local_data/GenVideo/video/fake/MoonValley/MoonValley_13.mp4,fake,face,1.5607,fake,,,,,,
MoonValley_130.mp4,/home/umflint.edu/mufarooq/Umar_local_data/GenVideo/video/fake/MoonValley/MoonValley_130.mp4,fake,no_face,0.5213,real,,,,,,
MoonValley_131.mp4,/home/umflint.edu/mufarooq/Umar_local_data/GenVideo/video/fake/MoonValley/MoonValley_131.mp4,fake,face,1.313,fake,,,,,,
MoonValley_132.mp4,/home/umflint.edu/mufarooq/Umar_local_data/GenVideo/video/fake/MoonValley/MoonValley_132.mp4,fake,face,1.5747,fake,,,,,,
MoonValley_133.mp4,/home/umflint.edu/mufarooq/Umar_local_data/GenVideo/video/fake/MoonValley/MoonValley_133.mp4,fake,no_face,1.5734,fake,,,,,,
MoonValley_134.mp4,/home/umflint.edu/mufarooq/Umar_local_data/GenVideo/video/fake/MoonValley/MoonValley_134.mp4,fake,face,1.4232,fake,,,,,,
MoonValley_135.mp4,/home/umflint.edu/mufarooq/Umar_local_data/GenVideo/video/fake/MoonValley/MoonValley_135.mp4,fake,no_face,1.5305,fake,,,,,,
MoonValley_136.mp4,/home/umflint.edu/mufarooq/Umar_local_data/GenVideo/video/fake/MoonValley/MoonValley_136.mp4,fake,face,1.5674,fake,,,,,,
MoonValley_137.mp4,/home/umflint.edu/mufarooq/Umar_local_data/GenVideo/video/fake/MoonValley/MoonValley_137.mp4,fake,no_face,1.5731,fake,,,,,,
MoonValley_138.mp4,/home/umflint.edu/mufarooq/Umar_local_data/GenVideo/video/fake/MoonValley/MoonValley_138.mp4,fake,face,1.5737,fake,,,,,,
MoonValley_139.mp4,/home/umflint.edu/mufarooq/Umar_local_data/GenVideo/video/fake/MoonValley/MoonValley_139.mp4,fake,no_face,1.5747,fake,,,,,,
MoonValley_14.mp4,/home/umflint.edu/mufarooq/Umar_local_data/GenVideo/video/fake/MoonValley/MoonValley_14.mp4,fake,no_face,1.5747,fake,,,,,,
MoonValley_140.mp4,/home/umflint.edu/mufarooq/Umar_local_data/GenVideo/video/fake/MoonValley/MoonValley_140.mp4,fake,no_face,1.5422,fake,,,,,,
MoonValley_141.mp4,/home/umflint.edu/mufarooq/Umar_local_data/GenVideo/video/fake/MoonValley/MoonValley_141.mp4,fake,no_face,1.5703,fake,,,,,,
MoonValley_142.mp4,/home/umflint.edu/mufarooq/Umar_local_data/GenVideo/video/fake/MoonValley/MoonValley_142.mp4,fake,no_face,1.4184,fake,,,,,,
MoonValley_143.mp4,/home/umflint.edu/mufarooq/Umar_local_data/GenVideo/video/fake/MoonValley/MoonValley_143.mp4,fake,no_face,1.4115,fake,,,,,,
show1_1.mp4,/home/umflint.edu/mufarooq/Umar_local_data/GenVideo/video/fake/Show_1/show1_1.mp4,fake,no_face,0.9906,real,,,,,,
show1_10.mp4,/home/umflint.edu/mufarooq/Umar_local_data/GenVideo/video/fake/Show_1/show1_10.mp4,fake,no_face,0.9329,real,,,,,,
show1_100.mp4,/home/umflint.edu/mufarooq/Umar_local_data/GenVideo/video/fake/Show_1/show1_100.mp4,fake,no_face,1.1786,fake,,,,,,
show1_101.mp4,/home/umflint.edu/mufarooq/Umar_local_data/GenVideo/video/fake/Show_1/show1_101.mp4,fake,face,0.1947,real,,,,,,
show1_102.mp4,/home/umflint.edu/mufarooq/Umar_local_data/GenVideo/video/fake/Show_1/show1_102.mp4,fake,no_face,0.8709,real,,,,,,
show1_103.mp4,/home/umflint.edu/mufarooq/Umar_local_data/GenVideo/video/fake/Show_1/show1_103.mp4,fake,no_face,0.7935,real,,,,,,
show1_104.mp4,/home/umflint.edu/mufarooq/Umar_local_data/GenVideo/video/fake/Show_1/show1_104.mp4,fake,no_face,0.72,real,,,,,,
show1_105.mp4,/home/umflint.edu/mufarooq/Umar_local_data/GenVideo/video/fake/Show_1/show1_105.mp4,fake,no_face,0.5981,real,,,,,,
show1_106.mp4,/home/umflint.edu/mufarooq/Umar_local_data/GenVideo/video/fake/Show_1/show1_106.mp4,fake,face,1.1047,fake,,,,,,
show1_107.mp4,/home/umflint.edu/mufarooq/Umar_local_data/GenVideo/video/fake/Show_1/show1_107.mp4,fake,face,0.644,real,,,,,,
show1_108.mp4,/home/umflint.edu/mufarooq/Umar_local_data/GenVideo/video/fake/Show_1/show1_108.mp4,fake,no_face,1.5744,fake,,,,,,
show1_109.mp4,/home/umflint.edu/mufarooq/Umar_local_data/GenVideo/video/fake/Show_1/show1_109.mp4,fake,no_face,0.2535,real,,,,,,
show1_11.mp4,/home/umflint.edu/mufarooq/Umar_local_data/GenVideo/video/fake/Show_1/show1_11.mp4,fake,no_face,0.6,real,,,,,,
show1_110.mp4,/home/umflint.edu/mufarooq/Umar_local_data/GenVideo/video/fake/Show_1/show1_110.mp4,fake,no_face,0.2312,real,,,,,,
show1_111.mp4,/home/umflint.edu/mufarooq/Umar_local_data/GenVideo/video/fake/Show_1/show1_111.mp4,fake,no_face,0.8876,real,,,,,,
show1_112.mp4,/home/umflint.edu/mufarooq/Umar_local_data/GenVideo/video/fake/Show_1/show1_112.mp4,fake,no_face,0.4496,real,,,,,,
show1_113.mp4,/home/umflint.edu/mufarooq/Umar_local_data/GenVideo/video/fake/Show_1/show1_113.mp4,fake,no_face,1.3576,fake,,,,,,
show1_114.mp4,/home/umflint.edu/mufarooq/Umar_local_data/GenVideo/video/fake/Show_1/show1_114.mp4,fake,no_face,0.1749,real,,,,,,
show1_115.mp4,/home/umflint.edu/mufarooq/Umar_local_data/GenVideo/video/fake/Show_1/show1_115.mp4,fake,no_face,0.4091,real,,,,,,
show1_116.mp4,/home/umflint.edu/mufarooq/Umar_local_data/GenVideo/video/fake/Show_1/show1_116.mp4,fake,no_face,0.4134,real,,,,,,
show1_117.mp4,/home/umflint.edu/mufarooq/Umar_local_data/GenVideo/video/fake/Show_1/show1_117.mp4,fake,face,0.1743,real,,,,,,
show1_118.mp4,/home/umflint.edu/mufarooq/Umar_local_data/GenVideo/video/fake/Show_1/show1_118.mp4,fake,no_face,0.1963,real,,,,,,
show1_119.mp4,/home/umflint.edu/mufarooq/Umar_local_data/GenVideo/video/fake/Show_1/show1_119.mp4,fake,no_face,1.3612,fake,,,,,,
show1_12.mp4,/home/umflint.edu/mufarooq/Umar_local_data/GenVideo/video/fake/Show_1/show1_12.mp4,fake,no_face,1.0275,fake,,,,,,
show1_120.mp4,/home/umflint.edu/mufarooq/Umar_local_data/GenVideo/video/fake/Show_1/show1_120.mp4,fake,face,0.1443,real,,,,,,
show1_121.mp4,/home/umflint.edu/mufarooq/Umar_local_data/GenVideo/video/fake/Show_1/show1_121.mp4,fake,face,0.1969,real,,,,,,
show1_122.mp4,/home/umflint.edu/mufarooq/Umar_local_data/GenVideo/video/fake/Show_1/show1_122.mp4,fake,face,0.3257,real,,,,,,
show1_123.mp4,/home/umflint.edu/mufarooq/Umar_local_data/GenVideo/video/fake/Show_1/show1_123.mp4,fake,no_face,0.8641,real,,,,,,
show1_124.mp4,/home/umflint.edu/mufarooq/Umar_local_data/GenVideo/video/fake/Show_1/show1_124.mp4,fake,no_face,0.1663,real,,,,,,
show1_125.mp4,/home/umflint.edu/mufarooq/Umar_local_data/GenVideo/video/fake/Show_1/show1_125.mp4,fake,no_face,0.1965,real,,,,,,
show1_126.mp4,/home/umflint.edu/mufarooq/Umar_local_data/GenVideo/video/fake/Show_1/show1_126.mp4,fake,face,0.6866,real,,,,,,
show1_127.mp4,/home/umflint.edu/mufarooq/Umar_local_data/GenVideo/video/fake/Show_1/show1_127.mp4,fake,face,0.1464,real,,,,,,
show1_128.mp4,/home/umflint.edu/mufarooq/Umar_local_data/GenVideo/video/fake/Show_1/show1_128.mp4,fake,no_face,0.1613,real,,,,,,
show1_129.mp4,/home/umflint.edu/mufarooq/Umar_local_data/GenVideo/video/fake/Show_1/show1_129.mp4,fake,face,0.2425,real,,,,,,
show1_13.mp4,/home/umflint.edu/mufarooq/Umar_local_data/GenVideo/video/fake/Show_1/show1_13.mp4,fake,face,0.3426,real,,,,,,
show1_130.mp4,/home/umflint.edu/mufarooq/Umar_local_data/GenVideo/video/fake/Show_1/show1_130.mp4,fake,no_face,0.1314,real,,,,,,
show1_131.mp4,/home/umflint.edu/mufarooq/Umar_local_data/GenVideo/video/fake/Show_1/show1_131.mp4,fake,face,0.2472,real,,,,,,
show1_132.mp4,/home/umflint.edu/mufarooq/Umar_local_data/GenVideo/video/fake/Show_1/show1_132.mp4,fake,no_face,0.4509,real,,,,,,
show1_133.mp4,/home/umflint.edu/mufarooq/Umar_local_data/GenVideo/video/fake/Show_1/show1_133.mp4,fake,face,0.4584,real,,,,,,
show1_134.mp4,/home/umflint.edu/mufarooq/Umar_local_data/GenVideo/video/fake/Show_1/show1_134.mp4,fake,face,0.326,real,,,,,,
show1_135.mp4,/home/umflint.edu/mufarooq/Umar_local_data/GenVideo/video/fake/Show_1/show1_135.mp4,fake,no_face,0.2079,real,,,,,,
show1_136.mp4,/home/umflint.edu/mufarooq/Umar_local_data/GenVideo/video/fake/Show_1/show1_136.mp4,fake,no_face,0.9952,real,,,,,,
show1_137.mp4,/home/umflint.edu/mufarooq/Umar_local_data/GenVideo/video/fake/Show_1/show1_137.mp4,fake,face,0.1804,real,,,,,,
show1_138.mp4,/home/umflint.edu/mufarooq/Umar_local_data/GenVideo/video/fake/Show_1/show1_138.mp4,fake,no_face,0.7266,real,,,,,,
show1_139.mp4,/home/umflint.edu/mufarooq/Umar_local_data/GenVideo/video/fake/Show_1/show1_139.mp4,fake,face,0.2223,real,,,,,,
show1_14.mp4,/home/umflint.edu/mufarooq/Umar_local_data/GenVideo/video/fake/Show_1/show1_14.mp4,fake,no_face,0.5196,real,,,,,,
show1_140.mp4,/home/umflint.edu/mufarooq/Umar_local_data/GenVideo/video/fake/Show_1/show1_140.mp4,fake,no_face,0.3698,real,,,,,,
show1_141.mp4,/home/umflint.edu/mufarooq/Umar_local_data/GenVideo/video/fake/Show_1/show1_141.mp4,fake,no_face,0.4358,real,,,,,,
show1_142.mp4,/home/umflint.edu/mufarooq/Umar_local_data/GenVideo/video/fake/Show_1/show1_142.mp4,fake,no_face,0.1985,real,,,,,,
show1_143.mp4,/home/umflint.edu/mufarooq/Umar_local_data/GenVideo/video/fake/Show_1/show1_143.mp4,fake,no_face,0.643,real,,,,,,
D1.mp4,/home/umflint.edu/mufarooq/Umar_local_data/GenVideo/video/fake/WildScrape/D1.mp4,fake,face,1.1389,fake,,,,,,
D100.mp4,/home/umflint.edu/mufarooq/Umar_local_data/GenVideo/video/fake/WildScrape/D100.mp4,fake,face,0.2624,real,,,,,,
D101.mp4,/home/umflint.edu/mufarooq/Umar_local_data/GenVideo/video/fake/WildScrape/D101.mp4,fake,no_face,1.5677,fake,,,,,,
D102.mp4,/home/umflint.edu/mufarooq/Umar_local_data/GenVideo/video/fake/WildScrape/D102.mp4,fake,no_face,1.4892,fake,,,,,,
D103.mp4,/home/umflint.edu/mufarooq/Umar_local_data/GenVideo/video/fake/WildScrape/D103.mp4,fake,no_face,1.1285,fake,,,,,,
D104.mp4,/home/umflint.edu/mufarooq/Umar_local_data/GenVideo/video/fake/WildScrape/D104.mp4,fake,face,1.3737,fake,,,,,,
D105.mp4,/home/umflint.edu/mufarooq/Umar_local_data/GenVideo/video/fake/WildScrape/D105.mp4,fake,no_face,0.2681,real,,,,,,
D106.mp4,/home/umflint.edu/mufarooq/Umar_local_data/GenVideo/video/fake/WildScrape/D106.mp4,fake,no_face,0.6518,real,,,,,,
D107.mp4,/home/umflint.edu/mufarooq/Umar_local_data/GenVideo/video/fake/WildScrape/D107.mp4,fake,no_face,1.5041,fake,,,,,,
D108.mp4,/home/umflint.edu/mufarooq/Umar_local_data/GenVideo/video/fake/WildScrape/D108.mp4,fake,no_face,1.5344,fake,,,,,,
D109.mp4,/home/umflint.edu/mufarooq/Umar_local_data/GenVideo/video/fake/WildScrape/D109.mp4,fake,no_face,0.8988,real,,,,,,
D110.mp4,/home/umflint.edu/mufarooq/Umar_local_data/GenVideo/video/fake/WildScrape/D110.mp4,fake,face,1.4699,fake,,,,,,
D111.mp4,/home/umflint.edu/mufarooq/Umar_local_data/GenVideo/video/fake/WildScrape/D111.mp4,fake,face,0.5604,real,,,,,,
D112.mp4,/home/umflint.edu/mufarooq/Umar_local_data/GenVideo/video/fake/WildScrape/D112.mp4,fake,no_face,0.1365,real,,,,,,
D113.mp4,/home/umflint.edu/mufarooq/Umar_local_data/GenVideo/video/fake/WildScrape/D113.mp4,fake,face,0.7089,real,,,,,,
D114.mp4,/home/umflint.edu/mufarooq/Umar_local_data/GenVideo/video/fake/WildScrape/D114.mp4,fake,no_face,0.4244,real,,,,,,
D115.mp4,/home/umflint.edu/mufarooq/Umar_local_data/GenVideo/video/fake/WildScrape/D115.mp4,fake,no_face,0.4222,real,,,,,,
D116.mp4,/home/umflint.edu/mufarooq/Umar_local_data/GenVideo/video/fake/WildScrape/D116.mp4,fake,no_face,0.717,real,,,,,,
D117.mp4,/home/umflint.edu/mufarooq/Umar_local_data/GenVideo/video/fake/WildScrape/D117.mp4,fake,no_face,0.3521,real,,,,,,
D118.mp4,/home/umflint.edu/mufarooq/Umar_local_data/GenVideo/video/fake/WildScrape/D118.mp4,fake,no_face,0.1098,real,,,,,,
D119.mp4,/home/umflint.edu/mufarooq/Umar_local_data/GenVideo/video/fake/WildScrape/D119.mp4,fake,no_face,0.1645,real,,,,,,
D120.mp4,/home/umflint.edu/mufarooq/Umar_local_data/GenVideo/video/fake/WildScrape/D120.mp4,fake,no_face,0.1674,real,,,,,,
D121.mp4,/home/umflint.edu/mufarooq/Umar_local_data/GenVideo/video/fake/WildScrape/D121.mp4,fake,no_face,0.8901,real,,,,,,
D122.mp4,/home/umflint.edu/mufarooq/Umar_local_data/GenVideo/video/fake/WildScrape/D122.mp4,fake,no_face,0.2842,real,,,,,,
D123.mp4,/home/umflint.edu/mufarooq/Umar_local_data/GenVideo/video/fake/WildScrape/D123.mp4,fake,face,0.2651,real,,,,,,
D124.mp4,/home/umflint.edu/mufarooq/Umar_local_data/GenVideo/video/fake/WildScrape/D124.mp4,fake,no_face,0.8188,real,,,,,,
D125.mp4,/home/umflint.edu/mufarooq/Umar_local_data/GenVideo/video/fake/WildScrape/D125.mp4,fake,no_face,1.3265,fake,,,,,,
D126.mp4,/home/umflint.edu/mufarooq/Umar_local_data/GenVideo/video/fake/WildScrape/D126.mp4,fake,face,0.3754,real,,,,,,
D127.mp4,/home/umflint.edu/mufarooq/Umar_local_data/GenVideo/video/fake/WildScrape/D127.mp4,fake,face,0.2111,real,,,,,,
D128.mp4,/home/umflint.edu/mufarooq/Umar_local_data/GenVideo/video/fake/WildScrape/D128.mp4,fake,face,0.5529,real,,,,,,
D129.mp4,/home/umflint.edu/mufarooq/Umar_local_data/GenVideo/video/fake/WildScrape/D129.mp4,fake,face,0.9816,real,,,,,,
D13.mp4,/home/umflint.edu/mufarooq/Umar_local_data/GenVideo/video/fake/WildScrape/D13.mp4,fake,face,0.1211,real,,,,,,
D130.mp4,/home/umflint.edu/mufarooq/Umar_local_data/GenVideo/video/fake/WildScrape/D130.mp4,fake,face,0.1711,real,,,,,,
D131.mp4,/home/umflint.edu/mufarooq/Umar_local_data/GenVideo/video/fake/WildScrape/D131.mp4,fake,face,1.1086,fake,,,,,,
D132.mp4,/home/umflint.edu/mufarooq/Umar_local_data/GenVideo/video/fake/WildScrape/D132.mp4,fake,no_face,0.2866,real,,,,,,
D133.mp4,/home/umflint.edu/mufarooq/Umar_local_data/GenVideo/video/fake/WildScrape/D133.mp4,fake,face,0.2371,real,,,,,,
D134.mp4,/home/umflint.edu/mufarooq/Umar_local_data/GenVideo/video/fake/WildScrape/D134.mp4,fake,no_face,1.4568,fake,,,,,,
D135.mp4,/home/umflint.edu/mufarooq/Umar_local_data/GenVideo/video/fake/WildScrape/D135.mp4,fake,no_face,1.5514,fake,,,,,,
D136.mp4,/home/umflint.edu/mufarooq/Umar_local_data/GenVideo/video/fake/WildScrape/D136.mp4,fake,no_face,0.568,real,,,,,,
D137.mp4,/home/umflint.edu/mufarooq/Umar_local_data/GenVideo/video/fake/WildScrape/D137.mp4,fake,face,0.4557,real,,,,,,
D138.mp4,/home/umflint.edu/mufarooq/Umar_local_data/GenVideo/video/fake/WildScrape/D138.mp4,fake,face,0.8818,real,,,,,,
D139.mp4,/home/umflint.edu/mufarooq/Umar_local_data/GenVideo/video/fake/WildScrape/D139.mp4,fake,face,0.6676,real,,,,,,
D14.mp4,/home/umflint.edu/mufarooq/Umar_local_data/GenVideo/video/fake/WildScrape/D14.mp4,fake,no_face,0.1695,real,,,,,,
D140.mp4,/home/umflint.edu/mufarooq/Umar_local_data/GenVideo/video/fake/WildScrape/D140.mp4,fake,face,0.8364,real,,,,,,
D141.mp4,/home/umflint.edu/mufarooq/Umar_local_data/GenVideo/video/fake/WildScrape/D141.mp4,fake,face,1.2453,fake,,,,,,
D142.mp4,/home/umflint.edu/mufarooq/Umar_local_data/GenVideo/video/fake/WildScrape/D142.mp4,fake,face,0.592,real,,,,,,
D143.mp4,/home/umflint.edu/mufarooq/Umar_local_data/GenVideo/video/fake/WildScrape/D143.mp4,fake,face,0.406,real,,,,,,
D144.mp4,/home/umflint.edu/mufarooq/Umar_local_data/GenVideo/video/fake/WildScrape/D144.mp4,fake,no_face,1.2398,fake,,,,,,
D145.mp4,/home/umflint.edu/mufarooq/Umar_local_data/GenVideo/video/fake/WildScrape/D145.mp4,fake,no_face,0.1533,real,,,,,,
D146.mp4,/home/umflint.edu/mufarooq/Umar_local_data/GenVideo/video/fake/WildScrape/D146.mp4,fake,no_face,0.1683,real,,,,,,
Pika_1.mp4,/home/umflint.edu/mufarooq/Umar_local_data/GenVideo/video/fake/Pika/Pika_1.mp4,fake,face,,,,,,,,
Pika_10.mp4,/home/umflint.edu/mufarooq/Umar_local_data/GenVideo/video/fake/Pika/Pika_10.mp4,fake,no_face,1.5387,fake,,,,,,
Pika_100.mp4,/home/umflint.edu/mufarooq/Umar_local_data/GenVideo/video/fake/Pika/Pika_100.mp4,fake,no_face,0.2416,real,,,,,,
Pika_1000.mp4,/home/umflint.edu/mufarooq/Umar_local_data/GenVideo/video/fake/Pika/Pika_1000.mp4,fake,face,1.5656,fake,,,,,,
Pika_10000.mp4,/home/umflint.edu/mufarooq/Umar_local_data/GenVideo/video/fake/Pika/Pika_10000.mp4,fake,face,0.2636,real,,,,,,
Pika_1001.mp4,/home/umflint.edu/mufarooq/Umar_local_data/GenVideo/video/fake/Pika/Pika_1001.mp4,fake,face,0.5737,real,,,,,,
Pika_1002.mp4,/home/umflint.edu/mufarooq/Umar_local_data/GenVideo/video/fake/Pika/Pika_1002.mp4,fake,face,1.5264,fake,,,,,,
Pika_1003.mp4,/home/umflint.edu/mufarooq/Umar_local_data/GenVideo/video/fake/Pika/Pika_1003.mp4,fake,no_face,1.2564,fake,,,,,,
Pika_1004.mp4,/home/umflint.edu/mufarooq/Umar_local_data/GenVideo/video/fake/Pika/Pika_1004.mp4,fake,no_face,1.5683,fake,,,,,,
Pika_1005.mp4,/home/umflint.edu/mufarooq/Umar_local_data/GenVideo/video/fake/Pika/Pika_1005.mp4,fake,no_face,0.1591,real,,,,,,
Pika_1006.mp4,/home/umflint.edu/mufarooq/Umar_local_data/GenVideo/video/fake/Pika/Pika_1006.mp4,fake,face,1.469,fake,,,,,,
Pika_1007.mp4,/home/umflint.edu/mufarooq/Umar_local_data/GenVideo/video/fake/Pika/Pika_1007.mp4,fake,face,0.2689,real,,,,,,
Pika_1008.mp4,/home/umflint.edu/mufarooq/Umar_local_data/GenVideo/video/fake/Pika/Pika_1008.mp4,fake,face,0.2506,real,,,,,,
Pika_1009.mp4,/home/umflint.edu/mufarooq/Umar_local_data/GenVideo/video/fake/Pika/Pika_1009.mp4,fake,no_face,0.8393,real,,,,,,
Pika_101.mp4,/home/umflint.edu/mufarooq/Umar_local_data/GenVideo/video/fake/Pika/Pika_101.mp4,fake,no_face,0.6792,real,,,,,,
Pika_1010.mp4,/home/umflint.edu/mufarooq/Umar_local_data/GenVideo/video/fake/Pika/Pika_1010.mp4,fake,face,1.3448,fake,,,,,,
Pika_1011.mp4,/home/umflint.edu/mufarooq/Umar_local_data/GenVideo/video/fake/Pika/Pika_1011.mp4,fake,no_face,1.1789,fake,,,,,,
Pika_1012.mp4,/home/umflint.edu/mufarooq/Umar_local_data/GenVideo/video/fake/Pika/Pika_1012.mp4,fake,face,1.4966,fake,,,,,,
Pika_1013.mp4,/home/umflint.edu/mufarooq/Umar_local_data/GenVideo/video/fake/Pika/Pika_1013.mp4,fake,face,1.5427,fake,,,,,,
Pika_1014.mp4,/home/umflint.edu/mufarooq/Umar_local_data/GenVideo/video/fake/Pika/Pika_1014.mp4,fake,no_face,1.5698,fake,,,,,,
Pika_1015.mp4,/home/umflint.edu/mufarooq/Umar_local_data/GenVideo/video/fake/Pika/Pika_1015.mp4,fake,face,1.4992,fake,,,,,,
Pika_1016.mp4,/home/umflint.edu/mufarooq/Umar_local_data/GenVideo/video/fake/Pika/Pika_1016.mp4,fake,no_face,0.635,real,,,,,,
Pika_1017.mp4,/home/umflint.edu/mufarooq/Umar_local_data/GenVideo/video/fake/Pika/Pika_1017.mp4,fake,face,1.1377,fake,,,,,,
Pika_1018.mp4,/home/umflint.edu/mufarooq/Umar_local_data/GenVideo/video/fake/Pika/Pika_1018.mp4,fake,no_face,1.4861,fake,,,,,,
Pika_1019.mp4,/home/umflint.edu/mufarooq/Umar_local_data/GenVideo/video/fake/Pika/Pika_1019.mp4,fake,face,1.2122,fake,,,,,,
Pika_102.mp4,/home/umflint.edu/mufarooq/Umar_local_data/GenVideo/video/fake/Pika/Pika_102.mp4,fake,no_face,1.5148,fake,,,,,,
Pika_1020.mp4,/home/umflint.edu/mufarooq/Umar_local_data/GenVideo/video/fake/Pika/Pika_1020.mp4,fake,no_face,1.5728,fake,,,,,,
Pika_1021.mp4,/home/umflint.edu/mufarooq/Umar_local_data/GenVideo/video/fake/Pika/Pika_1021.mp4,fake,no_face,1.4412,fake,,,,,,
Pika_1022.mp4,/home/umflint.edu/mufarooq/Umar_local_data/GenVideo/video/fake/Pika/Pika_1022.mp4,fake,face,0.4044,real,,,,,,
Pika_1023.mp4,/home/umflint.edu/mufarooq/Umar_local_data/GenVideo/video/fake/Pika/Pika_1023.mp4,fake,face,1.4074,fake,,,,,,
Pika_1024.mp4,/home/umflint.edu/mufarooq/Umar_local_data/GenVideo/video/fake/Pika/Pika_1024.mp4,fake,no_face,1.4599,fake,,,,,,
Pika_1025.mp4,/home/umflint.edu/mufarooq/Umar_local_data/GenVideo/video/fake/Pika/Pika_1025.mp4,fake,face,1.4674,fake,,,,,,
Pika_1026.mp4,/home/umflint.edu/mufarooq/Umar_local_data/GenVideo/video/fake/Pika/Pika_1026.mp4,fake,no_face,0.5988,real,,,,,,
Pika_1027.mp4,/home/umflint.edu/mufarooq/Umar_local_data/GenVideo/video/fake/Pika/Pika_1027.mp4,fake,no_face,1.2819,fake,,,,,,
Pika_1028.mp4,/home/umflint.edu/mufarooq/Umar_local_data/GenVideo/video/fake/Pika/Pika_1028.mp4,fake,face,1.541,fake,,,,,,
Pika_1029.mp4,/home/umflint.edu/mufarooq/Umar_local_data/GenVideo/video/fake/Pika/Pika_1029.mp4,fake,no_face,1.5591,fake,,,,,,
Pika_103.mp4,/home/umflint.edu/mufarooq/Umar_local_data/GenVideo/video/fake/Pika/Pika_103.mp4,fake,face,1.1657,fake,,,,,,
Pika_1030.mp4,/home/umflint.edu/mufarooq/Umar_local_data/GenVideo/video/fake/Pika/Pika_1030.mp4,fake,no_face,1.4209,fake,,,,,,
Pika_1031.mp4,/home/umflint.edu/mufarooq/Umar_local_data/GenVideo/video/fake/Pika/Pika_1031.mp4,fake,no_face,1.5517,fake,,,,,,
Pika_1032.mp4,/home/umflint.edu/mufarooq/Umar_local_data/GenVideo/video/fake/Pika/Pika_1032.mp4,fake,face,0.5476,real,,,,,,
Pika_1033.mp4,/home/umflint.edu/mufarooq/Umar_local_data/GenVideo/video/fake/Pika/Pika_1033.mp4,fake,no_face,1.3515,fake,,,,,,
Pika_1034.mp4,/home/umflint.edu/mufarooq/Umar_local_data/GenVideo/video/fake/Pika/Pika_1034.mp4,fake,face,0.6271,real,,,,,,
Pika_1035.mp4,/home/umflint.edu/mufarooq/Umar_local_data/GenVideo/video/fake/Pika/Pika_1035.mp4,fake,no_face,1.0953,fake,,,,,,
Pika_1036.mp4,/home/umflint.edu/mufarooq/Umar_local_data/GenVideo/video/fake/Pika/Pika_1036.mp4,fake,no_face,0.6898,real,,,,,,
Pika_1037.mp4,/home/umflint.edu/mufarooq/Umar_local_data/GenVideo/video/fake/Pika/Pika_1037.mp4,fake,face,1.3327,fake,,,,,,
Pika_1038.mp4,/home/umflint.edu/mufarooq/Umar_local_data/GenVideo/video/fake/Pika/Pika_1038.mp4,fake,face,0.9582,real,,,,,,
Pika_1039.mp4,/home/umflint.edu/mufarooq/Umar_local_data/GenVideo/video/fake/Pika/Pika_1039.mp4,fake,face,1.5708,fake,,,,,,
Pika_104.mp4,/home/umflint.edu/mufarooq/Umar_local_data/GenVideo/video/fake/Pika/Pika_104.mp4,fake,no_face,1.3107,fake,,,,,,
Pika_1040.mp4,/home/umflint.edu/mufarooq/Umar_local_data/GenVideo/video/fake/Pika/Pika_1040.mp4,fake,face,0.245,real,,,,,,
Pika_1041.mp4,/home/umflint.edu/mufarooq/Umar_local_data/GenVideo/video/fake/Pika/Pika_1041.mp4,fake,face,0.4888,real,,,,,,
MorphStudio_1.mp4,/home/umflint.edu/mufarooq/Umar_local_data/GenVideo/video/fake/MorphStudio/MorphStudio_1.mp4,fake,no_face,1.2871,fake,,,,,,
MorphStudio_10.mp4,/home/umflint.edu/mufarooq/Umar_local_data/GenVideo/video/fake/MorphStudio/MorphStudio_10.mp4,fake,no_face,0.2438,real,,,,,,
MorphStudio_100.mp4,/home/umflint.edu/mufarooq/Umar_local_data/GenVideo/video/fake/MorphStudio/MorphStudio_100.mp4,fake,no_face,0.194,real,,,,,,
MorphStudio_101.mp4,/home/umflint.edu/mufarooq/Umar_local_data/GenVideo/video/fake/MorphStudio/MorphStudio_101.mp4,fake,face,1.0357,fake,,,,,,
MorphStudio_102.mp4,/home/umflint.edu/mufarooq/Umar_local_data/GenVideo/video/fake/MorphStudio/MorphStudio_102.mp4,fake,no_face,0.9885,real,,,,,,
MorphStudio_103.mp4,/home/umflint.edu/mufarooq/Umar_local_data/GenVideo/video/fake/MorphStudio/MorphStudio_103.mp4,fake,no_face,0.2114,real,,,,,,
MorphStudio_104.mp4,/home/umflint.edu/mufarooq/Umar_local_data/GenVideo/video/fake/MorphStudio/MorphStudio_104.mp4,fake,no_face,0.1718,real,,,,,,
MorphStudio_105.mp4,/home/umflint.edu/mufarooq/Umar_local_data/GenVideo/video/fake/MorphStudio/MorphStudio_105.mp4,fake,no_face,0.7534,real,,,,,,
MorphStudio_106.mp4,/home/umflint.edu/mufarooq/Umar_local_data/GenVideo/video/fake/MorphStudio/MorphStudio_106.mp4,fake,face,0.1552,real,,,,,,
MorphStudio_107.mp4,/home/umflint.edu/mufarooq/Umar_local_data/GenVideo/video/fake/MorphStudio/MorphStudio_107.mp4,fake,face,0.1383,real,,,,,,
MorphStudio_108.mp4,/home/umflint.edu/mufarooq/Umar_local_data/GenVideo/video/fake/MorphStudio/MorphStudio_108.mp4,fake,face,0.546,real,,,,,,
MorphStudio_109.mp4,/home/umflint.edu/mufarooq/Umar_local_data/GenVideo/video/fake/MorphStudio/MorphStudio_109.mp4,fake,face,0.1129,real,,,,,,
MorphStudio_11.mp4,/home/umflint.edu/mufarooq/Umar_local_data/GenVideo/video/fake/MorphStudio/MorphStudio_11.mp4,fake,no_face,1.5231,fake,,,,,,
MorphStudio_110.mp4,/home/umflint.edu/mufarooq/Umar_local_data/GenVideo/video/fake/MorphStudio/MorphStudio_110.mp4,fake,face,0.3332,real,,,,,,
MorphStudio_111.mp4,/home/umflint.edu/mufarooq/Umar_local_data/GenVideo/video/fake/MorphStudio/MorphStudio_111.mp4,fake,no_face,0.1156,real,,,,,,
MorphStudio_112.mp4,/home/umflint.edu/mufarooq/Umar_local_data/GenVideo/video/fake/MorphStudio/MorphStudio_112.mp4,fake,face,0.1775,real,,,,,,
MorphStudio_113.mp4,/home/umflint.edu/mufarooq/Umar_local_data/GenVideo/video/fake/MorphStudio/MorphStudio_113.mp4,fake,face,0.6934,real,,,,,,
MorphStudio_114.mp4,/home/umflint.edu/mufarooq/Umar_local_data/GenVideo/video/fake/MorphStudio/MorphStudio_114.mp4,fake,face,0.8079,real,,,,,,
MorphStudio_115.mp4,/home/umflint.edu/mufarooq/Umar_local_data/GenVideo/video/fake/MorphStudio/MorphStudio_115.mp4,fake,face,0.3951,real,,,,,,
MorphStudio_116.mp4,/home/umflint.edu/mufarooq/Umar_local_data/GenVideo/video/fake/MorphStudio/MorphStudio_116.mp4,fake,face,1.527,fake,,,,,,
MorphStudio_117.mp4,/home/umflint.edu/mufarooq/Umar_local_data/GenVideo/video/fake/MorphStudio/MorphStudio_117.mp4,fake,face,1.5463,fake,,,,,,
MorphStudio_118.mp4,/home/umflint.edu/mufarooq/Umar_local_data/GenVideo/video/fake/MorphStudio/MorphStudio_118.mp4,fake,face,0.4045,real,,,,,,
MorphStudio_119.mp4,/home/umflint.edu/mufarooq/Umar_local_data/GenVideo/video/fake/MorphStudio/MorphStudio_119.mp4,fake,face,0.3192,real,,,,,,
MorphStudio_12.mp4,/home/umflint.edu/mufarooq/Umar_local_data/GenVideo/video/fake/MorphStudio/MorphStudio_12.mp4,fake,no_face,0.2134,real,,,,,,
MorphStudio_120.mp4,/home/umflint.edu/mufarooq/Umar_local_data/GenVideo/video/fake/MorphStudio/MorphStudio_120.mp4,fake,no_face,0.8117,real,,,,,,
MorphStudio_121.mp4,/home/umflint.edu/mufarooq/Umar_local_data/GenVideo/video/fake/MorphStudio/MorphStudio_121.mp4,fake,face,0.1412,real,,,,,,
MorphStudio_122.mp4,/home/umflint.edu/mufarooq/Umar_local_data/GenVideo/video/fake/MorphStudio/MorphStudio_122.mp4,fake,face,0.8622,real,,,,,,
MorphStudio_123.mp4,/home/umflint.edu/mufarooq/Umar_local_data/GenVideo/video/fake/MorphStudio/MorphStudio_123.mp4,fake,no_face,1.2334,fake,,,,,,
MorphStudio_124.mp4,/home/umflint.edu/mufarooq/Umar_local_data/GenVideo/video/fake/MorphStudio/MorphStudio_124.mp4,fake,face,1.456,fake,,,,,,
MorphStudio_125.mp4,/home/umflint.edu/mufarooq/Umar_local_data/GenVideo/video/fake/MorphStudio/MorphStudio_125.mp4,fake,face,0.5756,real,,,,,,
MorphStudio_126.mp4,/home/umflint.edu/mufarooq/Umar_local_data/GenVideo/video/fake/MorphStudio/MorphStudio_126.mp4,fake,face,0.656,real,,,,,,
MorphStudio_127.mp4,/home/umflint.edu/mufarooq/Umar_local_data/GenVideo/video/fake/MorphStudio/MorphStudio_127.mp4,fake,face,1.4814,fake,,,,,,
MorphStudio_128.mp4,/home/umflint.edu/mufarooq/Umar_local_data/GenVideo/video/fake/MorphStudio/MorphStudio_128.mp4,fake,face,0.2232,real,,,,,,
MorphStudio_129.mp4,/home/umflint.edu/mufarooq/Umar_local_data/GenVideo/video/fake/MorphStudio/MorphStudio_129.mp4,fake,face,0.6667,real,,,,,,
MorphStudio_13.mp4,/home/umflint.edu/mufarooq/Umar_local_data/GenVideo/video/fake/MorphStudio/MorphStudio_13.mp4,fake,no_face,1.5635,fake,,,,,,
MorphStudio_130.mp4,/home/umflint.edu/mufarooq/Umar_local_data/GenVideo/video/fake/MorphStudio/MorphStudio_130.mp4,fake,face,1.5737,fake,,,,,,
MorphStudio_131.mp4,/home/umflint.edu/mufarooq/Umar_local_data/GenVideo/video/fake/MorphStudio/MorphStudio_131.mp4,fake,face,0.32,real,,,,,,
MorphStudio_132.mp4,/home/umflint.edu/mufarooq/Umar_local_data/GenVideo/video/fake/MorphStudio/MorphStudio_132.mp4,fake,face,1.5327,fake,,,,,,
MorphStudio_133.mp4,/home/umflint.edu/mufarooq/Umar_local_data/GenVideo/video/fake/MorphStudio/MorphStudio_133.mp4,fake,face,0.6882,real,,,,,,
MorphStudio_134.mp4,/home/umflint.edu/mufarooq/Umar_local_data/GenVideo/video/fake/MorphStudio/MorphStudio_134.mp4,fake,face,0.7463,real,,,,,,
MorphStudio_135.mp4,/home/umflint.edu/mufarooq/Umar_local_data/GenVideo/video/fake/MorphStudio/MorphStudio_135.mp4,fake,face,1.4046,fake,,,,,,
MorphStudio_136.mp4,/home/umflint.edu/mufarooq/Umar_local_data/GenVideo/video/fake/MorphStudio/MorphStudio_136.mp4,fake,face,1.342,fake,,,,,,
MorphStudio_137.mp4,/home/umflint.edu/mufarooq/Umar_local_data/GenVideo/video/fake/MorphStudio/MorphStudio_137.mp4,fake,face,1.5643,fake,,,,,,
MorphStudio_138.mp4,/home/umflint.edu/mufarooq/Umar_local_data/GenVideo/video/fake/MorphStudio/MorphStudio_138.mp4,fake,face,0.4434,real,,,,,,
MorphStudio_139.mp4,/home/umflint.edu/mufarooq/Umar_local_data/GenVideo/video/fake/MorphStudio/MorphStudio_139.mp4,fake,no_face,0.4011,real,,,,,,
MorphStudio_14.mp4,/home/umflint.edu/mufarooq/Umar_local_data/GenVideo/video/fake/MorphStudio/MorphStudio_14.mp4,fake,no_face,1.2093,fake,,,,,,
MorphStudio_140.mp4,/home/umflint.edu/mufarooq/Umar_local_data/GenVideo/video/fake/MorphStudio/MorphStudio_140.mp4,fake,face,0.3849,real,,,,,,
MorphStudio_141.mp4,/home/umflint.edu/mufarooq/Umar_local_data/GenVideo/video/fake/MorphStudio/MorphStudio_141.mp4,fake,no_face,1.3925,fake,,,,,,
MorphStudio_142.mp4,/home/umflint.edu/mufarooq/Umar_local_data/GenVideo/video/fake/MorphStudio/MorphStudio_142.mp4,fake,face,0.2097,real,,,,,,
MorphStudio_143.mp4,/home/umflint.edu/mufarooq/Umar_local_data/GenVideo/video/fake/MorphStudio/MorphStudio_143.mp4,fake,face,0.3691,real,,,,,,
Crafter_1.mp4,/home/umflint.edu/mufarooq/Umar_local_data/GenVideo/video/fake/Crafter/Crafter_1.mp4,fake,no_face,0.8364,real,,,,,,
Crafter_10.mp4,/home/umflint.edu/mufarooq/Umar_local_data/GenVideo/video/fake/Crafter/Crafter_10.mp4,fake,no_face,0.4218,real,,,,,,
Crafter_100.mp4,/home/umflint.edu/mufarooq/Umar_local_data/GenVideo/video/fake/Crafter/Crafter_100.mp4,fake,no_face,1.2935,fake,,,,,,
Crafter_1000.mp4,/home/umflint.edu/mufarooq/Umar_local_data/GenVideo/video/fake/Crafter/Crafter_1000.mp4,fake,face,0.7398,real,,,,,,
Crafter_1001.mp4,/home/umflint.edu/mufarooq/Umar_local_data/GenVideo/video/fake/Crafter/Crafter_1001.mp4,fake,no_face,1.1648,fake,,,,,,
Crafter_1002.mp4,/home/umflint.edu/mufarooq/Umar_local_data/GenVideo/video/fake/Crafter/Crafter_1002.mp4,fake,face,1.2751,fake,,,,,,
Crafter_1003.mp4,/home/umflint.edu/mufarooq/Umar_local_data/GenVideo/video/fake/Crafter/Crafter_1003.mp4,fake,face,1.4634,fake,,,,,,
Crafter_1004.mp4,/home/umflint.edu/mufarooq/Umar_local_data/GenVideo/video/fake/Crafter/Crafter_1004.mp4,fake,no_face,1.473,fake,,,,,,
Crafter_1005.mp4,/home/umflint.edu/mufarooq/Umar_local_data/GenVideo/video/fake/Crafter/Crafter_1005.mp4,fake,face,1.5711,fake,,,,,,
Crafter_1006.mp4,/home/umflint.edu/mufarooq/Umar_local_data/GenVideo/video/fake/Crafter/Crafter_1006.mp4,fake,face,1.541,fake,,,,,,
Crafter_1007.mp4,/home/umflint.edu/mufarooq/Umar_local_data/GenVideo/video/fake/Crafter/Crafter_1007.mp4,fake,face,1.2309,fake,,,,,,
Crafter_1008.mp4,/home/umflint.edu/mufarooq/Umar_local_data/GenVideo/video/fake/Crafter/Crafter_1008.mp4,fake,no_face,1.4972,fake,,,,,,
Crafter_1009.mp4,/home/umflint.edu/mufarooq/Umar_local_data/GenVideo/video/fake/Crafter/Crafter_1009.mp4,fake,no_face,1.5072,fake,,,,,,
Crafter_101.mp4,/home/umflint.edu/mufarooq/Umar_local_data/GenVideo/video/fake/Crafter/Crafter_101.mp4,fake,face,0.1589,real,,,,,,
Crafter_1010.mp4,/home/umflint.edu/mufarooq/Umar_local_data/GenVideo/video/fake/Crafter/Crafter_1010.mp4,fake,face,1.5727,fake,,,,,,
Crafter_1011.mp4,/home/umflint.edu/mufarooq/Umar_local_data/GenVideo/video/fake/Crafter/Crafter_1011.mp4,fake,face,1.3641,fake,,,,,,
Crafter_1012.mp4,/home/umflint.edu/mufarooq/Umar_local_data/GenVideo/video/fake/Crafter/Crafter_1012.mp4,fake,face,0.4988,real,,,,,,
Crafter_1013.mp4,/home/umflint.edu/mufarooq/Umar_local_data/GenVideo/video/fake/Crafter/Crafter_1013.mp4,fake,face,1.5517,fake,,,,,,
Crafter_1014.mp4,/home/umflint.edu/mufarooq/Umar_local_data/GenVideo/video/fake/Crafter/Crafter_1014.mp4,fake,no_face,1.5709,fake,,,,,,
Crafter_1015.mp4,/home/umflint.edu/mufarooq/Umar_local_data/GenVideo/video/fake/Crafter/Crafter_1015.mp4,fake,no_face,0.7535,real,,,,,,
Crafter_1016.mp4,/home/umflint.edu/mufarooq/Umar_local_data/GenVideo/video/fake/Crafter/Crafter_1016.mp4,fake,face,1.5734,fake,,,,,,
Crafter_1017.mp4,/home/umflint.edu/mufarooq/Umar_local_data/GenVideo/video/fake/Crafter/Crafter_1017.mp4,fake,no_face,1.5716,fake,,,,,,
Crafter_1018.mp4,/home/umflint.edu/mufarooq/Umar_local_data/GenVideo/video/fake/Crafter/Crafter_1018.mp4,fake,face,1.3869,fake,,,,,,
Crafter_1019.mp4,/home/umflint.edu/mufarooq/Umar_local_data/GenVideo/video/fake/Crafter/Crafter_1019.mp4,fake,face,1.5729,fake,,,,,,
Crafter_102.mp4,/home/umflint.edu/mufarooq/Umar_local_data/GenVideo/video/fake/Crafter/Crafter_102.mp4,fake,face,1.3088,fake,,,,,,
Crafter_1020.mp4,/home/umflint.edu/mufarooq/Umar_local_data/GenVideo/video/fake/Crafter/Crafter_1020.mp4,fake,face,1.5192,fake,,,,,,
Crafter_1021.mp4,/home/umflint.edu/mufarooq/Umar_local_data/GenVideo/video/fake/Crafter/Crafter_1021.mp4,fake,face,1.5674,fake,,,,,,
Crafter_1022.mp4,/home/umflint.edu/mufarooq/Umar_local_data/GenVideo/video/fake/Crafter/Crafter_1022.mp4,fake,face,1.5721,fake,,,,,,
Crafter_1023.mp4,/home/umflint.edu/mufarooq/Umar_local_data/GenVideo/video/fake/Crafter/Crafter_1023.mp4,fake,no_face,0.7096,real,,,,,,
Crafter_1024.mp4,/home/umflint.edu/mufarooq/Umar_local_data/GenVideo/video/fake/Crafter/Crafter_1024.mp4,fake,face,0.238,real,,,,,,
Crafter_1025.mp4,/home/umflint.edu/mufarooq/Umar_local_data/GenVideo/video/fake/Crafter/Crafter_1025.mp4,fake,face,1.5614,fake,,,,,,
Crafter_1026.mp4,/home/umflint.edu/mufarooq/Umar_local_data/GenVideo/video/fake/Crafter/Crafter_1026.mp4,fake,no_face,1.3744,fake,,,,,,
Crafter_1027.mp4,/home/umflint.edu/mufarooq/Umar_local_data/GenVideo/video/fake/Crafter/Crafter_1027.mp4,fake,no_face,1.5074,fake,,,,,,
Crafter_1028.mp4,/home/umflint.edu/mufarooq/Umar_local_data/GenVideo/video/fake/Crafter/Crafter_1028.mp4,fake,face,0.7402,real,,,,,,
Crafter_1029.mp4,/home/umflint.edu/mufarooq/Umar_local_data/GenVideo/video/fake/Crafter/Crafter_1029.mp4,fake,face,1.3254,fake,,,,,,
Crafter_103.mp4,/home/umflint.edu/mufarooq/Umar_local_data/GenVideo/video/fake/Crafter/Crafter_103.mp4,fake,face,0.5427,real,,,,,,
Crafter_1030.mp4,/home/umflint.edu/mufarooq/Umar_local_data/GenVideo/video/fake/Crafter/Crafter_1030.mp4,fake,no_face,1.5039,fake,,,,,,
Crafter_1031.mp4,/home/umflint.edu/mufarooq/Umar_local_data/GenVideo/video/fake/Crafter/Crafter_1031.mp4,fake,face,0.6601,real,,,,,,
Crafter_1032.mp4,/home/umflint.edu/mufarooq/Umar_local_data/GenVideo/video/fake/Crafter/Crafter_1032.mp4,fake,face,1.4464,fake,,,,,,
Crafter_1033.mp4,/home/umflint.edu/mufarooq/Umar_local_data/GenVideo/video/fake/Crafter/Crafter_1033.mp4,fake,face,1.5705,fake,,,,,,
Crafter_1034.mp4,/home/umflint.edu/mufarooq/Umar_local_data/GenVideo/video/fake/Crafter/Crafter_1034.mp4,fake,no_face,1.3091,fake,,,,,,
Crafter_1035.mp4,/home/umflint.edu/mufarooq/Umar_local_data/GenVideo/video/fake/Crafter/Crafter_1035.mp4,fake,no_face,1.4866,fake,,,,,,
Crafter_1036.mp4,/home/umflint.edu/mufarooq/Umar_local_data/GenVideo/video/fake/Crafter/Crafter_1036.mp4,fake,no_face,1.0063,fake,,,,,,
Crafter_1037.mp4,/home/umflint.edu/mufarooq/Umar_local_data/GenVideo/video/fake/Crafter/Crafter_1037.mp4,fake,face,1.0666,fake,,,,,,
Crafter_1038.mp4,/home/umflint.edu/mufarooq/Umar_local_data/GenVideo/video/fake/Crafter/Crafter_1038.mp4,fake,no_face,1.572,fake,,,,,,
Crafter_1039.mp4,/home/umflint.edu/mufarooq/Umar_local_data/GenVideo/video/fake/Crafter/Crafter_1039.mp4,fake,face,1.5335,fake,,,,,,
Crafter_104.mp4,/home/umflint.edu/mufarooq/Umar_local_data/GenVideo/video/fake/Crafter/Crafter_104.mp4,fake,face,1.3675,fake,,,,,,
Crafter_1040.mp4,/home/umflint.edu/mufarooq/Umar_local_data/GenVideo/video/fake/Crafter/Crafter_1040.mp4,fake,no_face,0.7435,real,,,,,,
Crafter_1041.mp4,/home/umflint.edu/mufarooq/Umar_local_data/GenVideo/video/fake/Crafter/Crafter_1041.mp4,fake,no_face,0.7869,real,,,,,,
Crafter_1042.mp4,/home/umflint.edu/mufarooq/Umar_local_data/GenVideo/video/fake/Crafter/Crafter_1042.mp4,fake,no_face,1.5747,fake,,,,,,
sora_1.mp4,/home/umflint.edu/mufarooq/Umar_local_data/GenVideo/video/fake/Sora/sora_1.mp4,fake,face,1.0512,fake,,,,,,
sora_10.mp4,/home/umflint.edu/mufarooq/Umar_local_data/GenVideo/video/fake/Sora/sora_10.mp4,fake,face,0.8944,real,,,,,,
sora_11.mp4,/home/umflint.edu/mufarooq/Umar_local_data/GenVideo/video/fake/Sora/sora_11.mp4,fake,face,1.5206,fake,,,,,,
sora_12.mp4,/home/umflint.edu/mufarooq/Umar_local_data/GenVideo/video/fake/Sora/sora_12.mp4,fake,face,0.9314,real,,,,,,
sora_13.mp4,/home/umflint.edu/mufarooq/Umar_local_data/GenVideo/video/fake/Sora/sora_13.mp4,fake,face,0.8834,real,,,,,,
sora_14.mp4,/home/umflint.edu/mufarooq/Umar_local_data/GenVideo/video/fake/Sora/sora_14.mp4,fake,face,1.2936,fake,,,,,,
sora_15.mp4,/home/umflint.edu/mufarooq/Umar_local_data/GenVideo/video/fake/Sora/sora_15.mp4,fake,face,1.2381,fake,,,,,,
sora_16.mp4,/home/umflint.edu/mufarooq/Umar_local_data/GenVideo/video/fake/Sora/sora_16.mp4,fake,face,0.8725,real,,,,,,
sora_17.mp4,/home/umflint.edu/mufarooq/Umar_local_data/GenVideo/video/fake/Sora/sora_17.mp4,fake,no_face,1.5511,fake,,,,,,
sora_18.mp4,/home/umflint.edu/mufarooq/Umar_local_data/GenVideo/video/fake/Sora/sora_18.mp4,fake,no_face,0.1607,real,,,,,,
sora_19.mp4,/home/umflint.edu/mufarooq/Umar_local_data/GenVideo/video/fake/Sora/sora_19.mp4,fake,face,1.5747,fake,,,,,,
sora_2.mp4,/home/umflint.edu/mufarooq/Umar_local_data/GenVideo/video/fake/Sora/sora_2.mp4,fake,face,0.1527,real,,,,,,
sora_20.mp4,/home/umflint.edu/mufarooq/Umar_local_data/GenVideo/video/fake/Sora/sora_20.mp4,fake,face,1.5375,fake,,,,,,
sora_21.mp4,/home/umflint.edu/mufarooq/Umar_local_data/GenVideo/video/fake/Sora/sora_21.mp4,fake,face,0.5272,real,,,,,,
sora_22.mp4,/home/umflint.edu/mufarooq/Umar_local_data/GenVideo/video/fake/Sora/sora_22.mp4,fake,face,1.225,fake,,,,,,
sora_23.mp4,/home/umflint.edu/mufarooq/Umar_local_data/GenVideo/video/fake/Sora/sora_23.mp4,fake,face,1.0247,fake,,,,,,
sora_24.mp4,/home/umflint.edu/mufarooq/Umar_local_data/GenVideo/video/fake/Sora/sora_24.mp4,fake,no_face,1.5108,fake,,,,,,
sora_25.mp4,/home/umflint.edu/mufarooq/Umar_local_data/GenVideo/video/fake/Sora/sora_25.mp4,fake,no_face,0.1629,real,,,,,,
sora_26.mp4,/home/umflint.edu/mufarooq/Umar_local_data/GenVideo/video/fake/Sora/sora_26.mp4,fake,face,1.0486,fake,,,,,,
sora_27.mp4,/home/umflint.edu/mufarooq/Umar_local_data/GenVideo/video/fake/Sora/sora_27.mp4,fake,face,1.413,fake,,,,,,
sora_28.mp4,/home/umflint.edu/mufarooq/Umar_local_data/GenVideo/video/fake/Sora/sora_28.mp4,fake,face,0.3183,real,,,,,,
sora_29.mp4,/home/umflint.edu/mufarooq/Umar_local_data/GenVideo/video/fake/Sora/sora_29.mp4,fake,face,0.1024,real,,,,,,
sora_3.mp4,/home/umflint.edu/mufarooq/Umar_local_data/GenVideo/video/fake/Sora/sora_3.mp4,fake,face,1.3124,fake,,,,,,
sora_30.mp4,/home/umflint.edu/mufarooq/Umar_local_data/GenVideo/video/fake/Sora/sora_30.mp4,fake,face,0.3105,real,,,,,,
sora_31.mp4,/home/umflint.edu/mufarooq/Umar_local_data/GenVideo/video/fake/Sora/sora_31.mp4,fake,no_face,0.2516,real,,,,,,
sora_32.mp4,/home/umflint.edu/mufarooq/Umar_local_data/GenVideo/video/fake/Sora/sora_32.mp4,fake,no_face,0.1745,real,,,,,,
sora_33.mp4,/home/umflint.edu/mufarooq/Umar_local_data/GenVideo/video/fake/Sora/sora_33.mp4,fake,face,1.572,fake,,,,,,
sora_34.mp4,/home/umflint.edu/mufarooq/Umar_local_data/GenVideo/video/fake/Sora/sora_34.mp4,fake,face,0.8115,real,,,,,,
sora_35.mp4,/home/umflint.edu/mufarooq/Umar_local_data/GenVideo/video/fake/Sora/sora_35.mp4,fake,face,0.3595,real,,,,,,
sora_36.mp4,/home/umflint.edu/mufarooq/Umar_local_data/GenVideo/video/fake/Sora/sora_36.mp4,fake,face,1.3602,fake,,,,,,
sora_37.mp4,/home/umflint.edu/mufarooq/Umar_local_data/GenVideo/video/fake/Sora/sora_37.mp4,fake,face,0.3892,real,,,,,,
sora_38.mp4,/home/umflint.edu/mufarooq/Umar_local_data/GenVideo/video/fake/Sora/sora_38.mp4,fake,face,1.4005,fake,,,,,,
sora_39.mp4,/home/umflint.edu/mufarooq/Umar_local_data/GenVideo/video/fake/Sora/sora_39.mp4,fake,face,1.0386,fake,,,,,,
sora_4.mp4,/home/umflint.edu/mufarooq/Umar_local_data/GenVideo/video/fake/Sora/sora_4.mp4,fake,face,0.1601,real,,,,,,
sora_40.mp4,/home/umflint.edu/mufarooq/Umar_local_data/GenVideo/video/fake/Sora/sora_40.mp4,fake,no_face,0.5607,real,,,,,,
sora_41.mp4,/home/umflint.edu/mufarooq/Umar_local_data/GenVideo/video/fake/Sora/sora_41.mp4,fake,face,1.4988,fake,,,,,,
sora_42.mp4,/home/umflint.edu/mufarooq/Umar_local_data/GenVideo/video/fake/Sora/sora_42.mp4,fake,face,1.5618,fake,,,,,,
sora_43.mp4,/home/umflint.edu/mufarooq/Umar_local_data/GenVideo/video/fake/Sora/sora_43.mp4,fake,face,1.4405,fake,,,,,,
sora_44.mp4,/home/umflint.edu/mufarooq/Umar_local_data/GenVideo/video/fake/Sora/sora_44.mp4,fake,face,0.3854,real,,,,,,
sora_45.mp4,/home/umflint.edu/mufarooq/Umar_local_data/GenVideo/video/fake/Sora/sora_45.mp4,fake,face,0.4517,real,,,,,,
sora_46.mp4,/home/umflint.edu/mufarooq/Umar_local_data/GenVideo/video/fake/Sora/sora_46.mp4,fake,face,0.182,real,,,,,,
sora_47.mp4,/home/umflint.edu/mufarooq/Umar_local_data/GenVideo/video/fake/Sora/sora_47.mp4,fake,no_face,1.5328,fake,,,,,,
sora_48.mp4,/home/umflint.edu/mufarooq/Umar_local_data/GenVideo/video/fake/Sora/sora_48.mp4,fake,face,1.174,fake,,,,,,
sora_49.mp4,/home/umflint.edu/mufarooq/Umar_local_data/GenVideo/video/fake/Sora/sora_49.mp4,fake,face,0.3117,real,,,,,,
sora_5.mp4,/home/umflint.edu/mufarooq/Umar_local_data/GenVideo/video/fake/Sora/sora_5.mp4,fake,face,0.1443,real,,,,,,
sora_50.mp4,/home/umflint.edu/mufarooq/Umar_local_data/GenVideo/video/fake/Sora/sora_50.mp4,fake,face,0.1561,real,,,,,,
sora_51.mp4,/home/umflint.edu/mufarooq/Umar_local_data/GenVideo/video/fake/Sora/sora_51.mp4,fake,no_face,0.8341,real,,,,,,
sora_52.mp4,/home/umflint.edu/mufarooq/Umar_local_data/GenVideo/video/fake/Sora/sora_52.mp4,fake,face,0.1998,real,,,,,,
sora_53.mp4,/home/umflint.edu/mufarooq/Umar_local_data/GenVideo/video/fake/Sora/sora_53.mp4,fake,face,0.183,real,,,,,,
sora_54.mp4,/home/umflint.edu/mufarooq/Umar_local_data/GenVideo/video/fake/Sora/sora_54.mp4,fake,no_face,0.1042,real,,,,,,
000_003.mp4,/home/umflint.edu/mufarooq/Umar_local_data/GenVideo/video/fake/FaceShifter/000_003.mp4,fake,face,0.8069,real,,,,,,
001_870.mp4,/home/umflint.edu/mufarooq/Umar_local_data/GenVideo/video/fake/FaceShifter/001_870.mp4,fake,face,0.219,real,,,,,,
002_006.mp4,/home/umflint.edu/mufarooq/Umar_local_data/GenVideo/video/fake/FaceShifter/002_006.mp4,fake,face,0.431,real,,,,,,
003_000.mp4,/home/umflint.edu/mufarooq/Umar_local_data/GenVideo/video/fake/FaceShifter/003_000.mp4,fake,face,0.255,real,,,,,,
004_982.mp4,/home/umflint.edu/mufarooq/Umar_local_data/GenVideo/video/fake/FaceShifter/004_982.mp4,fake,face,0.2997,real,,,,,,
005_010.mp4,/home/umflint.edu/mufarooq/Umar_local_data/GenVideo/video/fake/FaceShifter/005_010.mp4,fake,face,1.4313,fake,,,,,,
006_002.mp4,/home/umflint.edu/mufarooq/Umar_local_data/GenVideo/video/fake/FaceShifter/006_002.mp4,fake,face,0.2738,real,,,,,,
007_132.mp4,/home/umflint.edu/mufarooq/Umar_local_data/GenVideo/video/fake/FaceShifter/007_132.mp4,fake,face,0.1656,real,,,,,,
008_990.mp4,/home/umflint.edu/mufarooq/Umar_local_data/GenVideo/video/fake/FaceShifter/008_990.mp4,fake,face,0.3632,real,,,,,,
009_027.mp4,/home/umflint.edu/mufarooq/Umar_local_data/GenVideo/video/fake/FaceShifter/009_027.mp4,fake,face,0.6162,real,,,,,,
010_005.mp4,/home/umflint.edu/mufarooq/Umar_local_data/GenVideo/video/fake/FaceShifter/010_005.mp4,fake,face,1.1176,fake,,,,,,
011_805.mp4,/home/umflint.edu/mufarooq/Umar_local_data/GenVideo/video/fake/FaceShifter/011_805.mp4,fake,face,0.2794,real,,,,,,
012_026.mp4,/home/umflint.edu/mufarooq/Umar_local_data/GenVideo/video/fake/FaceShifter/012_026.mp4,fake,face,0.8666,real,,,,,,
013_883.mp4,/home/umflint.edu/mufarooq/Umar_local_data/GenVideo/video/fake/FaceShifter/013_883.mp4,fake,face,0.2717,real,,,,,,
014_790.mp4,/home/umflint.edu/mufarooq/Umar_local_data/GenVideo/video/fake/FaceShifter/014_790.mp4,fake,face,1.5542,fake,,,,,,
015_919.mp4,/home/umflint.edu/mufarooq/Umar_local_data/GenVideo/video/fake/FaceShifter/015_919.mp4,fake,face,0.7146,real,,,,,,
016_209.mp4,/home/umflint.edu/mufarooq/Umar_local_data/GenVideo/video/fake/FaceShifter/016_209.mp4,fake,face,0.2021,real,,,,,,
017_803.mp4,/home/umflint.edu/mufarooq/Umar_local_data/GenVideo/video/fake/FaceShifter/017_803.mp4,fake,face,0.8804,real,,,,,,
018_019.mp4,/home/umflint.edu/mufarooq/Umar_local_data/GenVideo/video/fake/FaceShifter/018_019.mp4,fake,face,1.5747,fake,,,,,,
019_018.mp4,/home/umflint.edu/mufarooq/Umar_local_data/GenVideo/video/fake/FaceShifter/019_018.mp4,fake,face,0.7466,real,,,,,,
020_344.mp4,/home/umflint.edu/mufarooq/Umar_local_data/GenVideo/video/fake/FaceShifter/020_344.mp4,fake,face,0.5502,real,,,,,,
021_312.mp4,/home/umflint.edu/mufarooq/Umar_local_data/GenVideo/video/fake/FaceShifter/021_312.mp4,fake,face,0.8006,real,,,,,,
022_489.mp4,/home/umflint.edu/mufarooq/Umar_local_data/GenVideo/video/fake/FaceShifter/022_489.mp4,fake,face,1.1576,fake,,,,,,
023_923.mp4,/home/umflint.edu/mufarooq/Umar_local_data/GenVideo/video/fake/FaceShifter/023_923.mp4,fake,face,0.7367,real,,,,,,
024_073.mp4,/home/umflint.edu/mufarooq/Umar_local_data/GenVideo/video/fake/FaceShifter/024_073.mp4,fake,face,0.421,real,,,,,,
025_067.mp4,/home/umflint.edu/mufarooq/Umar_local_data/GenVideo/video/fake/FaceShifter/025_067.mp4,fake,face,0.5029,real,,,,,,
026_012.mp4,/home/umflint.edu/mufarooq/Umar_local_data/GenVideo/video/fake/FaceShifter/026_012.mp4,fake,face,0.1553,real,,,,,,
027_009.mp4,/home/umflint.edu/mufarooq/Umar_local_data/GenVideo/video/fake/FaceShifter/027_009.mp4,fake,face,0.9431,real,,,,,,
028_068.mp4,/home/umflint.edu/mufarooq/Umar_local_data/GenVideo/video/fake/FaceShifter/028_068.mp4,fake,face,1.0216,fake,,,,,,
029_048.mp4,/home/umflint.edu/mufarooq/Umar_local_data/GenVideo/video/fake/FaceShifter/029_048.mp4,fake,face,0.2868,real,,,,,,
030_193.mp4,/home/umflint.edu/mufarooq/Umar_local_data/GenVideo/video/fake/FaceShifter/030_193.mp4,fake,face,1.1657,fake,,,,,,
031_163.mp4,/home/umflint.edu/mufarooq/Umar_local_data/GenVideo/video/fake/FaceShifter/031_163.mp4,fake,face,0.864,real,,,,,,
032_944.mp4,/home/umflint.edu/mufarooq/Umar_local_data/GenVideo/video/fake/FaceShifter/032_944.mp4,fake,face,0.1906,real,,,,,,
033_097.mp4,/home/umflint.edu/mufarooq/Umar_local_data/GenVideo/video/fake/FaceShifter/033_097.mp4,fake,face,0.175,real,,,,,,
034_590.mp4,/home/umflint.edu/mufarooq/Umar_local_data/GenVideo/video/fake/FaceShifter/034_590.mp4,fake,face,0.3733,real,,,,,,
035_036.mp4,/home/umflint.edu/mufarooq/Umar_local_data/GenVideo/video/fake/FaceShifter/035_036.mp4,fake,face,0.2788,real,,,,,,
036_035.mp4,/home/umflint.edu/mufarooq/Umar_local_data/GenVideo/video/fake/FaceShifter/036_035.mp4,fake,face,0.1551,real,,,,,,
037_072.mp4,/home/umflint.edu/mufarooq/Umar_local_data/GenVideo/video/fake/FaceShifter/037_072.mp4,fake,face,1.3246,fake,,,,,,
038_125.mp4,/home/umflint.edu/mufarooq/Umar_local_data/GenVideo/video/fake/FaceShifter/038_125.mp4,fake,face,0.1773,real,,,,,,
039_058.mp4,/home/umflint.edu/mufarooq/Umar_local_data/GenVideo/video/fake/FaceShifter/039_058.mp4,fake,face,0.8505,real,,,,,,
040_997.mp4,/home/umflint.edu/mufarooq/Umar_local_data/GenVideo/video/fake/FaceShifter/040_997.mp4,fake,face,1.2941,fake,,,,,,
041_063.mp4,/home/umflint.edu/mufarooq/Umar_local_data/GenVideo/video/fake/FaceShifter/041_063.mp4,fake,face,0.4616,real,,,,,,
042_084.mp4,/home/umflint.edu/mufarooq/Umar_local_data/GenVideo/video/fake/FaceShifter/042_084.mp4,fake,face,0.1845,real,,,,,,
043_110.mp4,/home/umflint.edu/mufarooq/Umar_local_data/GenVideo/video/fake/FaceShifter/043_110.mp4,fake,face,0.6025,real,,,,,,
044_945.mp4,/home/umflint.edu/mufarooq/Umar_local_data/GenVideo/video/fake/FaceShifter/044_945.mp4,fake,face,0.4012,real,,,,,,
045_889.mp4,/home/umflint.edu/mufarooq/Umar_local_data/GenVideo/video/fake/FaceShifter/045_889.mp4,fake,face,0.2715,real,,,,,,
046_904.mp4,/home/umflint.edu/mufarooq/Umar_local_data/GenVideo/video/fake/FaceShifter/046_904.mp4,fake,face,0.321,real,,,,,,
047_862.mp4,/home/umflint.edu/mufarooq/Umar_local_data/GenVideo/video/fake/FaceShifter/047_862.mp4,fake,face,0.4363,real,,,,,,
048_029.mp4,/home/umflint.edu/mufarooq/Umar_local_data/GenVideo/video/fake/FaceShifter/048_029.mp4,fake,face,1.3487,fake,,,,,,
049_946.mp4,/home/umflint.edu/mufarooq/Umar_local_data/GenVideo/video/fake/FaceShifter/049_946.mp4,fake,face,0.4407,real,,,,,,
lavie_1.mp4,/home/umflint.edu/mufarooq/Umar_local_data/GenVideo/video/fake/Lavie/lavie_1.mp4,fake,no_face,1.0347,fake,,,,,,
lavie_10.mp4,/home/umflint.edu/mufarooq/Umar_local_data/GenVideo/video/fake/Lavie/lavie_10.mp4,fake,no_face,0.328,real,,,,,,
lavie_100.mp4,/home/umflint.edu/mufarooq/Umar_local_data/GenVideo/video/fake/Lavie/lavie_100.mp4,fake,no_face,0.4944,real,,,,,,
lavie_1000.mp4,/home/umflint.edu/mufarooq/Umar_local_data/GenVideo/video/fake/Lavie/lavie_1000.mp4,fake,no_face,0.1793,real,,,,,,
lavie_1001.mp4,/home/umflint.edu/mufarooq/Umar_local_data/GenVideo/video/fake/Lavie/lavie_1001.mp4,fake,no_face,1.2058,fake,,,,,,
lavie_1002.mp4,/home/umflint.edu/mufarooq/Umar_local_data/GenVideo/video/fake/Lavie/lavie_1002.mp4,fake,no_face,0.1452,real,,,,,,
lavie_1003.mp4,/home/umflint.edu/mufarooq/Umar_local_data/GenVideo/video/fake/Lavie/lavie_1003.mp4,fake,no_face,1.3622,fake,,,,,,
lavie_1004.mp4,/home/umflint.edu/mufarooq/Umar_local_data/GenVideo/video/fake/Lavie/lavie_1004.mp4,fake,face,0.2364,real,,,,,,
lavie_1005.mp4,/home/umflint.edu/mufarooq/Umar_local_data/GenVideo/video/fake/Lavie/lavie_1005.mp4,fake,face,0.8449,real,,,,,,
lavie_1006.mp4,/home/umflint.edu/mufarooq/Umar_local_data/GenVideo/video/fake/Lavie/lavie_1006.mp4,fake,face,0.9935,real,,,,,,
lavie_1007.mp4,/home/umflint.edu/mufarooq/Umar_local_data/GenVideo/video/fake/Lavie/lavie_1007.mp4,fake,face,0.2455,real,,,,,,
lavie_1008.mp4,/home/umflint.edu/mufarooq/Umar_local_data/GenVideo/video/fake/Lavie/lavie_1008.mp4,fake,no_face,0.2398,real,,,,,,
lavie_1009.mp4,/home/umflint.edu/mufarooq/Umar_local_data/GenVideo/video/fake/Lavie/lavie_1009.mp4,fake,no_face,0.1909,real,,,,,,
lavie_101.mp4,/home/umflint.edu/mufarooq/Umar_local_data/GenVideo/video/fake/Lavie/lavie_101.mp4,fake,face,0.1236,real,,,,,,
lavie_1010.mp4,/home/umflint.edu/mufarooq/Umar_local_data/GenVideo/video/fake/Lavie/lavie_1010.mp4,fake,face,1.2122,fake,,,,,,
lavie_1011.mp4,/home/umflint.edu/mufarooq/Umar_local_data/GenVideo/video/fake/Lavie/lavie_1011.mp4,fake,no_face,0.2348,real,,,,,,
lavie_1012.mp4,/home/umflint.edu/mufarooq/Umar_local_data/GenVideo/video/fake/Lavie/lavie_1012.mp4,fake,no_face,1.3978,fake,,,,,,
lavie_1013.mp4,/home/umflint.edu/mufarooq/Umar_local_data/GenVideo/video/fake/Lavie/lavie_1013.mp4,fake,no_face,0.1765,real,,,,,,
lavie_1014.mp4,/home/umflint.edu/mufarooq/Umar_local_data/GenVideo/video/fake/Lavie/lavie_1014.mp4,fake,no_face,0.5612,real,,,,,,
lavie_1015.mp4,/home/umflint.edu/mufarooq/Umar_local_data/GenVideo/video/fake/Lavie/lavie_1015.mp4,fake,no_face,1.0485,fake,,,,,,
lavie_1016.mp4,/home/umflint.edu/mufarooq/Umar_local_data/GenVideo/video/fake/Lavie/lavie_1016.mp4,fake,no_face,0.1757,real,,,,,,
lavie_1017.mp4,/home/umflint.edu/mufarooq/Umar_local_data/GenVideo/video/fake/Lavie/lavie_1017.mp4,fake,no_face,0.1603,real,,,,,,
lavie_1018.mp4,/home/umflint.edu/mufarooq/Umar_local_data/GenVideo/video/fake/Lavie/lavie_1018.mp4,fake,no_face,0.8739,real,,,,,,
lavie_1019.mp4,/home/umflint.edu/mufarooq/Umar_local_data/GenVideo/video/fake/Lavie/lavie_1019.mp4,fake,face,0.2064,real,,,,,,
lavie_102.mp4,/home/umflint.edu/mufarooq/Umar_local_data/GenVideo/video/fake/Lavie/lavie_102.mp4,fake,no_face,0.6607,real,,,,,,
lavie_1020.mp4,/home/umflint.edu/mufarooq/Umar_local_data/GenVideo/video/fake/Lavie/lavie_1020.mp4,fake,no_face,0.1304,real,,,,,,
lavie_1021.mp4,/home/umflint.edu/mufarooq/Umar_local_data/GenVideo/video/fake/Lavie/lavie_1021.mp4,fake,face,0.2604,real,,,,,,
lavie_1022.mp4,/home/umflint.edu/mufarooq/Umar_local_data/GenVideo/video/fake/Lavie/lavie_1022.mp4,fake,no_face,1.3884,fake,,,,,,
lavie_1023.mp4,/home/umflint.edu/mufarooq/Umar_local_data/GenVideo/video/fake/Lavie/lavie_1023.mp4,fake,no_face,0.9193,real,,,,,,
lavie_1024.mp4,/home/umflint.edu/mufarooq/Umar_local_data/GenVideo/video/fake/Lavie/lavie_1024.mp4,fake,face,1.003,fake,,,,,,
lavie_1025.mp4,/home/umflint.edu/mufarooq/Umar_local_data/GenVideo/video/fake/Lavie/lavie_1025.mp4,fake,no_face,0.35,real,,,,,,
lavie_1026.mp4,/home/umflint.edu/mufarooq/Umar_local_data/GenVideo/video/fake/Lavie/lavie_1026.mp4,fake,no_face,0.8042,real,,,,,,
lavie_1027.mp4,/home/umflint.edu/mufarooq/Umar_local_data/GenVideo/video/fake/Lavie/lavie_1027.mp4,fake,no_face,0.8012,real,,,,,,
lavie_1028.mp4,/home/umflint.edu/mufarooq/Umar_local_data/GenVideo/video/fake/Lavie/lavie_1028.mp4,fake,face,0.5074,real,,,,,,
lavie_1029.mp4,/home/umflint.edu/mufarooq/Umar_local_data/GenVideo/video/fake/Lavie/lavie_1029.mp4,fake,no_face,0.1863,real,,,,,,
lavie_103.mp4,/home/umflint.edu/mufarooq/Umar_local_data/GenVideo/video/fake/Lavie/lavie_103.mp4,fake,face,0.2375,real,,,,,,
lavie_1030.mp4,/home/umflint.edu/mufarooq/Umar_local_data/GenVideo/video/fake/Lavie/lavie_1030.mp4,fake,no_face,0.1439,real,,,,,,
lavie_1031.mp4,/home/umflint.edu/mufarooq/Umar_local_data/GenVideo/video/fake/Lavie/lavie_1031.mp4,fake,face,0.3745,real,,,,,,
lavie_1032.mp4,/home/umflint.edu/mufarooq/Umar_local_data/GenVideo/video/fake/Lavie/lavie_1032.mp4,fake,face,0.6648,real,,,,,,
lavie_1033.mp4,/home/umflint.edu/mufarooq/Umar_local_data/GenVideo/video/fake/Lavie/lavie_1033.mp4,fake,face,0.2533,real,,,,,,
lavie_1034.mp4,/home/umflint.edu/mufarooq/Umar_local_data/GenVideo/video/fake/Lavie/lavie_1034.mp4,fake,face,0.1597,real,,,,,,
lavie_1035.mp4,/home/umflint.edu/mufarooq/Umar_local_data/GenVideo/video/fake/Lavie/lavie_1035.mp4,fake,no_face,0.9971,real,,,,,,
lavie_1036.mp4,/home/umflint.edu/mufarooq/Umar_local_data/GenVideo/video/fake/Lavie/lavie_1036.mp4,fake,no_face,0.1181,real,,,,,,
lavie_1037.mp4,/home/umflint.edu/mufarooq/Umar_local_data/GenVideo/video/fake/Lavie/lavie_1037.mp4,fake,no_face,0.1827,real,,,,,,
lavie_1038.mp4,/home/umflint.edu/mufarooq/Umar_local_data/GenVideo/video/fake/Lavie/lavie_1038.mp4,fake,no_face,0.1911,real,,,,,,
lavie_1039.mp4,/home/umflint.edu/mufarooq/Umar_local_data/GenVideo/video/fake/Lavie/lavie_1039.mp4,fake,no_face,0.6627,real,,,,,,
lavie_104.mp4,/home/umflint.edu/mufarooq/Umar_local_data/GenVideo/video/fake/Lavie/lavie_104.mp4,fake,no_face,0.3804,real,,,,,,
lavie_1040.mp4,/home/umflint.edu/mufarooq/Umar_local_data/GenVideo/video/fake/Lavie/lavie_1040.mp4,fake,no_face,0.1674,real,,,,,,
lavie_1041.mp4,/home/umflint.edu/mufarooq/Umar_local_data/GenVideo/video/fake/Lavie/lavie_1041.mp4,fake,no_face,0.9029,real,,,,,,
lavie_1042.mp4,/home/umflint.edu/mufarooq/Umar_local_data/GenVideo/video/fake/Lavie/lavie_1042.mp4,fake,no_face,0.2161,real,,,,,,
